{"0":{"name":"Adamant arrow","id":"890","link":"http://2007.runescape.wikia.com/wiki/Adamant_arrow","slotname":"ammoslot","level":{"attack":"0","strength":"0","defence":"0","hitpoints":"0","magic":"0","ranged":"0","prayer":"0"},"offence":{"stab":"0","slash":"0","crush":"0","ranged":"0","magic":"0"},"defence":{"stab":"0","slash":"0","crush":"0","ranged":"0","magic":"0"},"others":{"strength":"0","ranged_strength":"31","magic_damage":"0","prayer":"0"},"hand":null,"ammo_type":"arrows","ammo_tier":"6","weapon_type":null},"1":{"name":"Adamant bolts","id":"9143","link":"http://2007.runescape.wikia.com/wiki/Adamant_bolts","slotname":"ammoslot","level":{"attack":"0","strength":"0","defence":"0","hitpoints":"0","magic":"0","ranged":"0","prayer":"0"},"offence":{"stab":"0","slash":"0","crush":"0","ranged":"0","magic":"0"},"defence":{"stab":"0","slash":"0","crush":"0","ranged":"0","magic":"0"},"others":{"strength":"0","ranged_strength":"100","magic_damage":"0","prayer":"0"},"hand":null,"ammo_type":"bolts","ammo_tier":"6","weapon_type":null},"2":{"name":"Adamant brutal","id":"4798","link":"http://2007.runescape.wikia.com/wiki/Adamant_brutal","slotname":"ammoslot","level":{"attack":"0","strength":"0","defence":"0","hitpoints":"0","magic":"0","ranged":"0","prayer":"0"},"offence":{"stab":"0","slash":"0","crush":"0","ranged":"0","magic":"0"},"defence":{"stab":"0","slash":"0","crush":"0","ranged":"0","magic":"0"},"others":{"strength":"0","ranged_strength":"45","magic_damage":"0","prayer":"0"},"hand":null,"ammo_type":"brutals","ammo_tier":null,"weapon_type":null},"3":{"name":"Adamant fire arrows","id":"2538","link":"http://2007.runescape.wikia.com/wiki/Adamant_fire_arrows","slotname":"ammoslot","level":{"attack":"0","strength":"0","defence":"0","hitpoints":"0","magic":"0","ranged":"0","prayer":"0"},"offence":{"stab":"0","slash":"0","crush":"0","ranged":"0","magic":"0"},"defence":{"stab":"0","slash":"0","crush":"0","ranged":"0","magic":"0"},"others":{"strength":"0","ranged_strength":"31","magic_damage":"0","prayer":"0"},"hand":null,"ammo_type":"arrows","ammo_tier":"6","weapon_type":null},"4":{"name":"Amethyst Broad bolts","id":"21316","link":"http://oldschoolrunescape.wikia.com/wiki/Amethyst_broad_bolts","slotname":"ammoslot","level":{"attack":"0","strength":"0","defence":"0","hitpoints":"0","magic":"0","ranged":"61","prayer":"0"},"offence":{"stab":"0","slash":"0","crush":"0","ranged":"0","magic":"0"},"defence":{"stab":"0","slash":"0","crush":"0","ranged":"0","magic":"0"},"others":{"strength":"0","ranged_strength":"115","magic_damage":"0","prayer":"0"},"hand":null,"ammo_type":"bolts","ammo_tier":"6","weapon_type":null},"5":{"name":"Ancient Blessing","id":"20235","link":"http://2007.runescape.wikia.com/wiki/Ancient_blessing","slotname":"ammoslot","level":{"attack":"0","strength":"0","defence":"0","hitpoints":"0","magic":"0","ranged":"0","prayer":"0"},"offence":{"stab":"0","slash":"0","crush":"0","ranged":"0","magic":"0"},"defence":{"stab":"0","slash":"0","crush":"0","ranged":"0","magic":"0"},"others":{"strength":"0","ranged_strength":"0","magic_damage":"0","prayer":"1"},"hand":null,"ammo_type":null,"ammo_tier":null,"weapon_type":null},"6":{"name":"Barbed bolts","id":"881","link":"http://2007.runescape.wikia.com/wiki/Barbed_bolts","slotname":"ammoslot","level":{"attack":"0","strength":"0","defence":"0","hitpoints":"0","magic":"0","ranged":"0","prayer":"0"},"offence":{"stab":"0","slash":"0","crush":"0","ranged":"0","magic":"0"},"defence":{"stab":"0","slash":"0","crush":"0","ranged":"0","magic":"0"},"others":{"strength":"0","ranged_strength":"12","magic_damage":"0","prayer":"0"},"hand":null,"ammo_type":"bolts","ammo_tier":"1","weapon_type":null},"7":{"name":"Black brutal","id":"4788","link":"http://2007.runescape.wikia.com/wiki/Black_brutal","slotname":"ammoslot","level":{"attack":"0","strength":"0","defence":"0","hitpoints":"0","magic":"0","ranged":"0","prayer":"0"},"offence":{"stab":"0","slash":"0","crush":"0","ranged":"0","magic":"0"},"defence":{"stab":"0","slash":"0","crush":"0","ranged":"0","magic":"0"},"others":{"strength":"0","ranged_strength":"22","magic_damage":"0","prayer":"0"},"hand":null,"ammo_type":"brutals","ammo_tier":null,"weapon_type":null},"8":{"name":"Blurite bolts","id":"9139","link":"http://2007.runescape.wikia.com/wiki/Blurite_bolts","slotname":"ammoslot","level":{"attack":"0","strength":"0","defence":"0","hitpoints":"0","magic":"0","ranged":"0","prayer":"0"},"offence":{"stab":"0","slash":"0","crush":"0","ranged":"0","magic":"0"},"defence":{"stab":"0","slash":"0","crush":"0","ranged":"0","magic":"0"},"others":{"strength":"0","ranged_strength":"28","magic_damage":"0","prayer":"0"},"hand":null,"ammo_type":"bolts","ammo_tier":"2","weapon_type":null},"9":{"name":"Bolt rack","id":"4740","link":"http://2007.runescape.wikia.com/wiki/Bolt_rack","slotname":"ammoslot","level":{"attack":"0","strength":"0","defence":"0","hitpoints":"0","magic":"0","ranged":"0","prayer":"0"},"offence":{"stab":"0","slash":"0","crush":"0","ranged":"0","magic":"0"},"defence":{"stab":"0","slash":"0","crush":"0","ranged":"0","magic":"0"},"others":{"strength":"0","ranged_strength":"55","magic_damage":"0","prayer":"0"},"hand":null,"ammo_type":"karils","ammo_tier":null,"weapon_type":null},"10":{"name":"Bone bolts","id":"8882","link":"http://2007.runescape.wikia.com/wiki/Bone_bolts","slotname":"ammoslot","level":{"attack":"0","strength":"0","defence":"0","hitpoints":"0","magic":"0","ranged":"0","prayer":"0"},"offence":{"stab":"0","slash":"0","crush":"0","ranged":"0","magic":"0"},"defence":{"stab":"0","slash":"0","crush":"0","ranged":"0","magic":"0"},"others":{"strength":"0","ranged_strength":"49","magic_damage":"0","prayer":"0"},"hand":null,"ammo_type":"bone","ammo_tier":null,"weapon_type":null},"11":{"name":"Broad arrow","id":"14038","link":"http://2007.runescape.wikia.com/wiki/Broad_arrow","slotname":"ammoslot","level":{"attack":"0","strength":"0","defence":"0","hitpoints":"0","magic":"0","ranged":"0","prayer":"0"},"offence":{"stab":"0","slash":"0","crush":"0","ranged":"0","magic":"0"},"defence":{"stab":"0","slash":"0","crush":"0","ranged":"0","magic":"0"},"others":{"strength":"0","ranged_strength":"28","magic_damage":"0","prayer":"0"},"hand":null,"ammo_type":"arrows","ammo_tier":"6","weapon_type":null},"12":{"name":"Broad bolts","id":"11875","link":"http://2007.runescape.wikia.com/wiki/Broad_bolts","slotname":"ammoslot","level":{"attack":"0","strength":"0","defence":"0","hitpoints":"0","magic":"0","ranged":"55","prayer":"0"},"offence":{"stab":"0","slash":"0","crush":"0","ranged":"0","magic":"0"},"defence":{"stab":"0","slash":"0","crush":"0","ranged":"0","magic":"0"},"others":{"strength":"0","ranged_strength":"100","magic_damage":"0","prayer":"0"},"hand":null,"ammo_type":"bolts","ammo_tier":"6","weapon_type":null},"13":{"name":"Bronze arrow","id":"882","link":"http://2007.runescape.wikia.com/wiki/Bronze_arrow","slotname":"ammoslot","level":{"attack":"0","strength":"0","defence":"0","hitpoints":"0","magic":"0","ranged":"0","prayer":"0"},"offence":{"stab":"0","slash":"0","crush":"0","ranged":"0","magic":"0"},"defence":{"stab":"0","slash":"0","crush":"0","ranged":"0","magic":"0"},"others":{"strength":"0","ranged_strength":"7","magic_damage":"0","prayer":"0"},"hand":null,"ammo_type":"arrows","ammo_tier":"1","weapon_type":null},"14":{"name":"Bronze bolts","id":"877","link":"http://2007.runescape.wikia.com/wiki/Bronze_bolts","slotname":"ammoslot","level":{"attack":"0","strength":"0","defence":"0","hitpoints":"0","magic":"0","ranged":"0","prayer":"0"},"offence":{"stab":"0","slash":"0","crush":"0","ranged":"0","magic":"0"},"defence":{"stab":"0","slash":"0","crush":"0","ranged":"0","magic":"0"},"others":{"strength":"0","ranged_strength":"10","magic_damage":"0","prayer":"0"},"hand":null,"ammo_type":"bolts","ammo_tier":"1","weapon_type":null},"15":{"name":"Bronze brutal","id":"4773","link":"http://2007.runescape.wikia.com/wiki/Bronze_brutal","slotname":"ammoslot","level":{"attack":"0","strength":"0","defence":"0","hitpoints":"0","magic":"0","ranged":"0","prayer":"0"},"offence":{"stab":"0","slash":"0","crush":"0","ranged":"0","magic":"0"},"defence":{"stab":"0","slash":"0","crush":"0","ranged":"0","magic":"0"},"others":{"strength":"0","ranged_strength":"11","magic_damage":"0","prayer":"0"},"hand":null,"ammo_type":"brutals","ammo_tier":null,"weapon_type":null},"16":{"name":"Bronze fire arrows","id":"14579","link":"http://2007.runescape.wikia.com/wiki/Bronze_fire_arrows","slotname":"ammoslot","level":{"attack":"0","strength":"0","defence":"0","hitpoints":"0","magic":"0","ranged":"0","prayer":"0"},"offence":{"stab":"0","slash":"0","crush":"0","ranged":"0","magic":"0"},"defence":{"stab":"0","slash":"0","crush":"0","ranged":"0","magic":"0"},"others":{"strength":"0","ranged_strength":"7","magic_damage":"0","prayer":"0"},"hand":null,"ammo_type":"arrows","ammo_tier":"1","weapon_type":null},"17":{"name":"Diamond bolts","id":"9340","link":"http://2007.runescape.wikia.com/wiki/Diamond_bolts","slotname":"ammoslot","level":{"attack":"0","strength":"0","defence":"0","hitpoints":"0","magic":"0","ranged":"0","prayer":"0"},"offence":{"stab":"0","slash":"0","crush":"0","ranged":"0","magic":"0"},"defence":{"stab":"0","slash":"0","crush":"0","ranged":"0","magic":"0"},"others":{"strength":"0","ranged_strength":"105","magic_damage":"0","prayer":"0"},"hand":null,"ammo_type":"bolts","ammo_tier":"6","weapon_type":null},"18":{"name":"Diamond bolts (e)","id":"9243","link":"http://2007.runescape.wikia.com/wiki/Diamond_bolts_(e)","slotname":"ammoslot","level":{"attack":"0","strength":"0","defence":"0","hitpoints":"0","magic":"0","ranged":"0","prayer":"0"},"offence":{"stab":"0","slash":"0","crush":"0","ranged":"0","magic":"0"},"defence":{"stab":"0","slash":"0","crush":"0","ranged":"0","magic":"0"},"others":{"strength":"0","ranged_strength":"105","magic_damage":"0","prayer":"0"},"hand":null,"ammo_type":"bolts","ammo_tier":"6","weapon_type":null},"19":{"name":"Dragon arrow","id":"11212","link":"http://2007.runescape.wikia.com/wiki/Dragon_arrow","slotname":"ammoslot","level":{"attack":"0","strength":"0","defence":"0","hitpoints":"0","magic":"0","ranged":"0","prayer":"0"},"offence":{"stab":"0","slash":"0","crush":"0","ranged":"0","magic":"0"},"defence":{"stab":"0","slash":"0","crush":"0","ranged":"0","magic":"0"},"others":{"strength":"0","ranged_strength":"60","magic_damage":"0","prayer":"0"},"hand":null,"ammo_type":"arrows","ammo_tier":"8","weapon_type":null},"20":{"name":"Dragon bolts","id":"21905","link":"http://oldschoolrunescape.wikia.com/wiki/Dragon_bolts","slotname":"ammoslot","level":{"attack":"0","strength":"0","defence":"0","hitpoints":"0","magic":"0","ranged":"0","prayer":"0"},"offence":{"stab":"0","slash":"0","crush":"0","ranged":"0","magic":"0"},"defence":{"stab":"0","slash":"0","crush":"0","ranged":"0","magic":"0"},"others":{"strength":"0","ranged_strength":"122","magic_damage":"0","prayer":"0"},"hand":null,"ammo_type":"bolts","ammo_tier":"9","weapon_type":null},"21":{"name":"Dragon fire arrows","id":"14591","link":"http://2007.runescape.wikia.com/wiki/Dragon_fire_arrows","slotname":"ammoslot","level":{"attack":"0","strength":"0","defence":"0","hitpoints":"0","magic":"0","ranged":"0","prayer":"0"},"offence":{"stab":"0","slash":"0","crush":"0","ranged":"0","magic":"0"},"defence":{"stab":"0","slash":"0","crush":"0","ranged":"0","magic":"0"},"others":{"strength":"0","ranged_strength":"60","magic_damage":"0","prayer":"0"},"hand":null,"ammo_type":"arrows","ammo_tier":"8","weapon_type":null},"22":{"name":"Dragonstone bolts","id":"9341","link":"http://2007.runescape.wikia.com/wiki/Dragon_bolts","slotname":"ammoslot","level":{"attack":"0","strength":"0","defence":"0","hitpoints":"0","magic":"0","ranged":"0","prayer":"0"},"offence":{"stab":"0","slash":"0","crush":"0","ranged":"0","magic":"0"},"defence":{"stab":"0","slash":"0","crush":"0","ranged":"0","magic":"0"},"others":{"strength":"0","ranged_strength":"117","magic_damage":"0","prayer":"0"},"hand":null,"ammo_type":"bolts","ammo_tier":"8","weapon_type":null},"23":{"name":"Dragonstone bolts (e)","id":"9244","link":"http://2007.runescape.wikia.com/wiki/Dragon_bolts_(e)","slotname":"ammoslot","level":{"attack":"0","strength":"0","defence":"0","hitpoints":"0","magic":"0","ranged":"0","prayer":"0"},"offence":{"stab":"0","slash":"0","crush":"0","ranged":"0","magic":"0"},"defence":{"stab":"0","slash":"0","crush":"0","ranged":"0","magic":"0"},"others":{"strength":"0","ranged_strength":"117","magic_damage":"0","prayer":"0"},"hand":null,"ammo_type":"bolts","ammo_tier":"8","weapon_type":null},"24":{"name":"Emerald bolts","id":"9338","link":"http://2007.runescape.wikia.com/wiki/Emerald_bolts","slotname":"ammoslot","level":{"attack":"0","strength":"0","defence":"0","hitpoints":"0","magic":"0","ranged":"0","prayer":"0"},"offence":{"stab":"0","slash":"0","crush":"0","ranged":"0","magic":"0"},"defence":{"stab":"0","slash":"0","crush":"0","ranged":"0","magic":"0"},"others":{"strength":"0","ranged_strength":"85","magic_damage":"0","prayer":"0"},"hand":null,"ammo_type":"bolts","ammo_tier":"5","weapon_type":null},"25":{"name":"Emerald bolts (e)","id":"9241","link":"http://2007.runescape.wikia.com/wiki/Emerald_bolts_(e)","slotname":"ammoslot","level":{"attack":"0","strength":"0","defence":"0","hitpoints":"0","magic":"0","ranged":"0","prayer":"0"},"offence":{"stab":"0","slash":"0","crush":"0","ranged":"0","magic":"0"},"defence":{"stab":"0","slash":"0","crush":"0","ranged":"0","magic":"0"},"others":{"strength":"0","ranged_strength":"85","magic_damage":"0","prayer":"0"},"hand":null,"ammo_type":"bolts","ammo_tier":"5","weapon_type":null},"26":{"name":"Guam tar","id":"10142","link":"http://2007.runescape.wikia.com/wiki/Guam_tar","slotname":"ammoslot","level":{"attack":"0","strength":"0","defence":"0","hitpoints":"0","magic":"0","ranged":"0","prayer":"0"},"offence":{"stab":"0","slash":"0","crush":"0","ranged":"0","magic":"0"},"defence":{"stab":"0","slash":"0","crush":"0","ranged":"0","magic":"0"},"others":{"strength":"0","ranged_strength":"16","magic_damage":"0","prayer":"0"},"hand":null,"ammo_type":"tar","ammo_tier":"1","weapon_type":null},"27":{"name":"Harralander tar","id":"10145","link":"http://2007.runescape.wikia.com/wiki/Harralander_tar","slotname":"ammoslot","level":{"attack":"0","strength":"0","defence":"0","hitpoints":"0","magic":"0","ranged":"0","prayer":"0"},"offence":{"stab":"0","slash":"0","crush":"0","ranged":"0","magic":"0"},"defence":{"stab":"0","slash":"0","crush":"0","ranged":"0","magic":"0"},"others":{"strength":"0","ranged_strength":"49","magic_damage":"0","prayer":"0"},"hand":null,"ammo_type":"tar","ammo_tier":"4","weapon_type":null},"28":{"name":"Holy Blessing","id":"20220","link":"http://oldschoolrunescape.wikia.com/wiki/Holy_blessing","slotname":"ammoslot","level":{"attack":"0","strength":"0","defence":"0","hitpoints":"0","magic":"0","ranged":"0","prayer":"0"},"offence":{"stab":"0","slash":"0","crush":"0","ranged":"0","magic":"0"},"defence":{"stab":"0","slash":"0","crush":"0","ranged":"0","magic":"0"},"others":{"strength":"0","ranged_strength":"0","magic_damage":"0","prayer":"1"},"hand":null,"ammo_type":null,"ammo_tier":null,"weapon_type":null},"29":{"name":"Honourable blessing","id":"20229","link":"http://oldschoolrunescape.wikia.com/wiki/Honourable_blessing","slotname":"ammoslot","level":{"attack":"0","strength":"0","defence":"0","hitpoints":"0","magic":"0","ranged":"0","prayer":"0"},"offence":{"stab":"0","slash":"0","crush":"0","ranged":"0","magic":"0"},"defence":{"stab":"0","slash":"0","crush":"0","ranged":"0","magic":"0"},"others":{"strength":"0","ranged_strength":"0","magic_damage":"0","prayer":"1"},"hand":null,"ammo_type":null,"ammo_tier":null,"weapon_type":null},"30":{"name":"Ice arrows","id":"16449","link":"http://2007.runescape.wikia.com/wiki/Ice_arrows","slotname":"ammoslot","level":{"attack":"0","strength":"0","defence":"0","hitpoints":"0","magic":"0","ranged":"0","prayer":"0"},"offence":{"stab":"0","slash":"0","crush":"0","ranged":"0","magic":"0"},"defence":{"stab":"0","slash":"0","crush":"0","ranged":"0","magic":"0"},"others":{"strength":"0","ranged_strength":"16","magic_damage":"0","prayer":"0"},"hand":null,"ammo_type":"arrows","ammo_tier":"7","weapon_type":null},"31":{"name":"Iron arrow","id":"884","link":"http://2007.runescape.wikia.com/wiki/Iron_arrow","slotname":"ammoslot","level":{"attack":"0","strength":"0","defence":"0","hitpoints":"0","magic":"0","ranged":"0","prayer":"0"},"offence":{"stab":"0","slash":"0","crush":"0","ranged":"0","magic":"0"},"defence":{"stab":"0","slash":"0","crush":"0","ranged":"0","magic":"0"},"others":{"strength":"0","ranged_strength":"10","magic_damage":"0","prayer":"0"},"hand":null,"ammo_type":"arrows","ammo_tier":"2","weapon_type":null},"32":{"name":"Iron bolts","id":"9140","link":"http://2007.runescape.wikia.com/wiki/Iron_bolts","slotname":"ammoslot","level":{"attack":"0","strength":"0","defence":"0","hitpoints":"0","magic":"0","ranged":"0","prayer":"0"},"offence":{"stab":"0","slash":"0","crush":"0","ranged":"0","magic":"0"},"defence":{"stab":"0","slash":"0","crush":"0","ranged":"0","magic":"0"},"others":{"strength":"0","ranged_strength":"46","magic_damage":"0","prayer":"0"},"hand":null,"ammo_type":"bolts","ammo_tier":"3","weapon_type":null},"33":{"name":"Iron brutal","id":"4778","link":"http://2007.runescape.wikia.com/wiki/Iron_brutal","slotname":"ammoslot","level":{"attack":"0","strength":"0","defence":"0","hitpoints":"0","magic":"0","ranged":"0","prayer":"0"},"offence":{"stab":"0","slash":"0","crush":"0","ranged":"0","magic":"0"},"defence":{"stab":"0","slash":"0","crush":"0","ranged":"0","magic":"0"},"others":{"strength":"0","ranged_strength":"13","magic_damage":"0","prayer":"0"},"hand":null,"ammo_type":"brutals","ammo_tier":null,"weapon_type":null},"34":{"name":"Iron fire arrows","id":"2532","link":"http://2007.runescape.wikia.com/wiki/Iron_fire_arrows","slotname":"ammoslot","level":{"attack":"0","strength":"0","defence":"0","hitpoints":"0","magic":"0","ranged":"0","prayer":"0"},"offence":{"stab":"0","slash":"0","crush":"0","ranged":"0","magic":"0"},"defence":{"stab":"0","slash":"0","crush":"0","ranged":"0","magic":"0"},"others":{"strength":"0","ranged_strength":"10","magic_damage":"0","prayer":"0"},"hand":null,"ammo_type":"arrows","ammo_tier":"2","weapon_type":null},"35":{"name":"Jade bolts","id":"9335","link":"http://2007.runescape.wikia.com/wiki/Jade_bolts","slotname":"ammoslot","level":{"attack":"0","strength":"0","defence":"0","hitpoints":"0","magic":"0","ranged":"0","prayer":"0"},"offence":{"stab":"0","slash":"0","crush":"0","ranged":"0","magic":"0"},"defence":{"stab":"0","slash":"0","crush":"0","ranged":"0","magic":"0"},"others":{"strength":"0","ranged_strength":"30","magic_damage":"0","prayer":"0"},"hand":null,"ammo_type":"bolts","ammo_tier":"2","weapon_type":null},"36":{"name":"Jade bolts (e)","id":"9237","link":"http://2007.runescape.wikia.com/wiki/Jade_bolts_(e)","slotname":"ammoslot","level":{"attack":"0","strength":"0","defence":"0","hitpoints":"0","magic":"0","ranged":"0","prayer":"0"},"offence":{"stab":"0","slash":"0","crush":"0","ranged":"0","magic":"0"},"defence":{"stab":"0","slash":"0","crush":"0","ranged":"0","magic":"0"},"others":{"strength":"0","ranged_strength":"30","magic_damage":"0","prayer":"0"},"hand":null,"ammo_type":"bolts","ammo_tier":"2","weapon_type":null},"37":{"name":"Kebbit bolts","id":"10158","link":"http://2007.runescape.wikia.com/wiki/Kebbit_bolts","slotname":"ammoslot","level":{"attack":"0","strength":"0","defence":"0","hitpoints":"0","magic":"0","ranged":"0","prayer":"0"},"offence":{"stab":"0","slash":"0","crush":"0","ranged":"0","magic":"0"},"defence":{"stab":"0","slash":"0","crush":"0","ranged":"0","magic":"0"},"others":{"strength":"0","ranged_strength":"28","magic_damage":"0","prayer":"0"},"hand":null,"ammo_type":"kebbits","ammo_tier":null,"weapon_type":null},"38":{"name":"Long kebbit bolts","id":"10159","link":"http://2007.runescape.wikia.com/wiki/Long_kebbit_bolts","slotname":"ammoslot","level":{"attack":"0","strength":"0","defence":"0","hitpoints":"0","magic":"0","ranged":"0","prayer":"0"},"offence":{"stab":"0","slash":"0","crush":"0","ranged":"0","magic":"0"},"defence":{"stab":"0","slash":"0","crush":"0","ranged":"0","magic":"0"},"others":{"strength":"0","ranged_strength":"38","magic_damage":"0","prayer":"0"},"hand":null,"ammo_type":"kebbits","ammo_tier":null,"weapon_type":null},"39":{"name":"Marrentill tar","id":"10143","link":"http://2007.runescape.wikia.com/wiki/Marrentill_tar","slotname":"ammoslot","level":{"attack":"0","strength":"0","defence":"0","hitpoints":"0","magic":"0","ranged":"0","prayer":"0"},"offence":{"stab":"0","slash":"0","crush":"0","ranged":"0","magic":"0"},"defence":{"stab":"0","slash":"0","crush":"0","ranged":"0","magic":"0"},"others":{"strength":"0","ranged_strength":"22","magic_damage":"0","prayer":"0"},"hand":null,"ammo_type":"tar","ammo_tier":"2","weapon_type":null},"40":{"name":"Mithril arrow","id":"11703","link":"http://2007.runescape.wikia.com/wiki/Mithril_arrow","slotname":"ammoslot","level":{"attack":"0","strength":"0","defence":"0","hitpoints":"0","magic":"0","ranged":"0","prayer":"0"},"offence":{"stab":"0","slash":"0","crush":"0","ranged":"0","magic":"0"},"defence":{"stab":"0","slash":"0","crush":"0","ranged":"0","magic":"0"},"others":{"strength":"0","ranged_strength":"22","magic_damage":"0","prayer":"0"},"hand":null,"ammo_type":"arrows","ammo_tier":"5","weapon_type":null},"41":{"name":"Mithril bolts","id":"9289","link":"http://2007.runescape.wikia.com/wiki/Mithril_bolts","slotname":"ammoslot","level":{"attack":"0","strength":"0","defence":"0","hitpoints":"0","magic":"0","ranged":"0","prayer":"0"},"offence":{"stab":"0","slash":"0","crush":"0","ranged":"0","magic":"0"},"defence":{"stab":"0","slash":"0","crush":"0","ranged":"0","magic":"0"},"others":{"strength":"0","ranged_strength":"82","magic_damage":"0","prayer":"0"},"hand":null,"ammo_type":"bolts","ammo_tier":"5","weapon_type":null},"42":{"name":"Mithril brutal","id":"4793","link":"http://2007.runescape.wikia.com/wiki/Mithril_brutal","slotname":"ammoslot","level":{"attack":"0","strength":"0","defence":"0","hitpoints":"0","magic":"0","ranged":"0","prayer":"0"},"offence":{"stab":"0","slash":"0","crush":"0","ranged":"0","magic":"0"},"defence":{"stab":"0","slash":"0","crush":"0","ranged":"0","magic":"0"},"others":{"strength":"0","ranged_strength":"34","magic_damage":"0","prayer":"0"},"hand":null,"ammo_type":"brutals","ammo_tier":null,"weapon_type":null},"43":{"name":"Mithril fire arrows","id":"2536","link":"http://2007.runescape.wikia.com/wiki/Mithril_fire_arrows","slotname":"ammoslot","level":{"attack":"0","strength":"0","defence":"0","hitpoints":"0","magic":"0","ranged":"0","prayer":"0"},"offence":{"stab":"0","slash":"0","crush":"0","ranged":"0","magic":"0"},"defence":{"stab":"0","slash":"0","crush":"0","ranged":"0","magic":"0"},"others":{"strength":"0","ranged_strength":"22","magic_damage":"0","prayer":"0"},"hand":null,"ammo_type":"arrows","ammo_tier":"5","weapon_type":null},"44":{"name":"Ogre arrow","id":"2866","link":"http://2007.runescape.wikia.com/wiki/Ogre_arrow","slotname":"ammoslot","level":{"attack":"0","strength":"0","defence":"0","hitpoints":"0","magic":"0","ranged":"0","prayer":"0"},"offence":{"stab":"0","slash":"0","crush":"0","ranged":"0","magic":"0"},"defence":{"stab":"0","slash":"0","crush":"0","ranged":"0","magic":"0"},"others":{"strength":"0","ranged_strength":"22","magic_damage":"0","prayer":"0"},"hand":null,"ammo_type":"ogre arrows","ammo_tier":null,"weapon_type":null},"45":{"name":"Ogre Arrows","id":"2867","link":"http://2007.runescape.wikia.com/wiki/Ogre_arrow","slotname":"ammoslot","level":{"attack":"0","strength":"0","defence":"0","hitpoints":"0","magic":"0","ranged":"0","prayer":"0"},"offence":{"stab":"0","slash":"0","crush":"0","ranged":"0","magic":"0"},"defence":{"stab":"0","slash":"0","crush":"0","ranged":"0","magic":"0"},"others":{"strength":"0","ranged_strength":"22","magic_damage":"0","prayer":"0"},"hand":null,"ammo_type":"ogre arrows","ammo_tier":null,"weapon_type":null},"46":{"name":"Onyx bolts","id":"9342","link":"http://2007.runescape.wikia.com/wiki/Onyx_bolts","slotname":"ammoslot","level":{"attack":"0","strength":"0","defence":"0","hitpoints":"0","magic":"0","ranged":"0","prayer":"0"},"offence":{"stab":"0","slash":"0","crush":"0","ranged":"0","magic":"0"},"defence":{"stab":"0","slash":"0","crush":"0","ranged":"0","magic":"0"},"others":{"strength":"0","ranged_strength":"120","magic_damage":"0","prayer":"0"},"hand":null,"ammo_type":"bolts","ammo_tier":"8","weapon_type":null},"47":{"name":"Onyx bolts (e)","id":"9245","link":"http://2007.runescape.wikia.com/wiki/Onyx_bolts_(e)","slotname":"ammoslot","level":{"attack":"0","strength":"0","defence":"0","hitpoints":"0","magic":"0","ranged":"0","prayer":"0"},"offence":{"stab":"0","slash":"0","crush":"0","ranged":"0","magic":"0"},"defence":{"stab":"0","slash":"0","crush":"0","ranged":"0","magic":"0"},"others":{"strength":"0","ranged_strength":"120","magic_damage":"0","prayer":"0"},"hand":null,"ammo_type":"bolts","ammo_tier":"8","weapon_type":null},"48":{"name":"Opal bolts","id":"879","link":"http://2007.runescape.wikia.com/wiki/Opal_bolts","slotname":"ammoslot","level":{"attack":"0","strength":"0","defence":"0","hitpoints":"0","magic":"0","ranged":"0","prayer":"0"},"offence":{"stab":"0","slash":"0","crush":"0","ranged":"0","magic":"0"},"defence":{"stab":"0","slash":"0","crush":"0","ranged":"0","magic":"0"},"others":{"strength":"0","ranged_strength":"14","magic_damage":"0","prayer":"0"},"hand":null,"ammo_type":"bolts","ammo_tier":"1","weapon_type":null},"49":{"name":"Opal bolts (e)","id":"9236","link":"http://2007.runescape.wikia.com/wiki/Opal_bolts_(e)","slotname":"ammoslot","level":{"attack":"0","strength":"0","defence":"0","hitpoints":"0","magic":"0","ranged":"0","prayer":"0"},"offence":{"stab":"0","slash":"0","crush":"0","ranged":"0","magic":"0"},"defence":{"stab":"0","slash":"0","crush":"0","ranged":"0","magic":"0"},"others":{"strength":"0","ranged_strength":"14","magic_damage":"0","prayer":"0"},"hand":null,"ammo_type":"bolts","ammo_tier":"1","weapon_type":null},"50":{"name":"Peaceful Blessing","id":"20226","link":"http://oldschoolrunescape.wikia.com/wiki/Peaceful_blessing","slotname":"ammoslot","level":{"attack":"0","strength":"0","defence":"0","hitpoints":"0","magic":"0","ranged":"0","prayer":"0"},"offence":{"stab":"0","slash":"0","crush":"0","ranged":"0","magic":"0"},"defence":{"stab":"0","slash":"0","crush":"0","ranged":"0","magic":"0"},"others":{"strength":"0","ranged_strength":"0","magic_damage":"0","prayer":"1"},"hand":null,"ammo_type":null,"ammo_tier":null,"weapon_type":null},"51":{"name":"Pearl bolts","id":"880","link":"http://2007.runescape.wikia.com/wiki/Pearl_bolts","slotname":"ammoslot","level":{"attack":"0","strength":"0","defence":"0","hitpoints":"0","magic":"0","ranged":"0","prayer":"0"},"offence":{"stab":"0","slash":"0","crush":"0","ranged":"0","magic":"0"},"defence":{"stab":"0","slash":"0","crush":"0","ranged":"0","magic":"0"},"others":{"strength":"0","ranged_strength":"48","magic_damage":"0","prayer":"0"},"hand":null,"ammo_type":"bolts","ammo_tier":"3","weapon_type":null},"52":{"name":"Pearl bolts (e)","id":"9238","link":"http://2007.runescape.wikia.com/wiki/Pearl_bolts_(e)","slotname":"ammoslot","level":{"attack":"0","strength":"0","defence":"0","hitpoints":"0","magic":"0","ranged":"0","prayer":"0"},"offence":{"stab":"0","slash":"0","crush":"0","ranged":"0","magic":"0"},"defence":{"stab":"0","slash":"0","crush":"0","ranged":"0","magic":"0"},"others":{"strength":"0","ranged_strength":"48","magic_damage":"0","prayer":"0"},"hand":null,"ammo_type":"bolts","ammo_tier":"3","weapon_type":null},"53":{"name":"Ruby bolts","id":"9339","link":"http://2007.runescape.wikia.com/wiki/Ruby_bolts","slotname":"ammoslot","level":{"attack":"0","strength":"0","defence":"0","hitpoints":"0","magic":"0","ranged":"0","prayer":"0"},"offence":{"stab":"0","slash":"0","crush":"0","ranged":"0","magic":"0"},"defence":{"stab":"0","slash":"0","crush":"0","ranged":"0","magic":"0"},"others":{"strength":"0","ranged_strength":"103","magic_damage":"0","prayer":"0"},"hand":null,"ammo_type":"bolts","ammo_tier":"6","weapon_type":null},"54":{"name":"Ruby bolts (e)","id":"9242","link":"http://2007.runescape.wikia.com/wiki/Ruby_bolts_(e)","slotname":"ammoslot","level":{"attack":"0","strength":"0","defence":"0","hitpoints":"0","magic":"0","ranged":"0","prayer":"0"},"offence":{"stab":"0","slash":"0","crush":"0","ranged":"0","magic":"0"},"defence":{"stab":"0","slash":"0","crush":"0","ranged":"0","magic":"0"},"others":{"strength":"0","ranged_strength":"103","magic_damage":"0","prayer":"0"},"hand":null,"ammo_type":"bolts","ammo_tier":"6","weapon_type":null},"55":{"name":"Rune arrow","id":"892","link":"http://2007.runescape.wikia.com/wiki/Rune_arrow","slotname":"ammoslot","level":{"attack":"0","strength":"0","defence":"0","hitpoints":"0","magic":"0","ranged":"0","prayer":"0"},"offence":{"stab":"0","slash":"0","crush":"0","ranged":"0","magic":"0"},"defence":{"stab":"0","slash":"0","crush":"0","ranged":"0","magic":"0"},"others":{"strength":"0","ranged_strength":"49","magic_damage":"0","prayer":"0"},"hand":null,"ammo_type":"arrows","ammo_tier":"7","weapon_type":null},"56":{"name":"Rune brutal","id":"4803","link":"http://2007.runescape.wikia.com/wiki/Rune_brutal","slotname":"ammoslot","level":{"attack":"0","strength":"0","defence":"0","hitpoints":"0","magic":"0","ranged":"0","prayer":"0"},"offence":{"stab":"0","slash":"0","crush":"0","ranged":"0","magic":"0"},"defence":{"stab":"0","slash":"0","crush":"0","ranged":"0","magic":"0"},"others":{"strength":"0","ranged_strength":"60","magic_damage":"0","prayer":"0"},"hand":null,"ammo_type":"brutals","ammo_tier":null,"weapon_type":null},"57":{"name":"Rune fire arrows","id":"2540","link":"http://2007.runescape.wikia.com/wiki/Rune_fire_arrows","slotname":"ammoslot","level":{"attack":"0","strength":"0","defence":"0","hitpoints":"0","magic":"0","ranged":"0","prayer":"0"},"offence":{"stab":"0","slash":"0","crush":"0","ranged":"0","magic":"0"},"defence":{"stab":"0","slash":"0","crush":"0","ranged":"0","magic":"0"},"others":{"strength":"0","ranged_strength":"49","magic_damage":"0","prayer":"0"},"hand":null,"ammo_type":"arrows","ammo_tier":"7","weapon_type":null},"58":{"name":"Runite bolts","id":"9144","link":"http://2007.runescape.wikia.com/wiki/Runite_bolts","slotname":"ammoslot","level":{"attack":"0","strength":"0","defence":"0","hitpoints":"0","magic":"0","ranged":"0","prayer":"0"},"offence":{"stab":"0","slash":"0","crush":"0","ranged":"0","magic":"0"},"defence":{"stab":"0","slash":"0","crush":"0","ranged":"0","magic":"0"},"others":{"strength":"0","ranged_strength":"115","magic_damage":"0","prayer":"0"},"hand":null,"ammo_type":"bolts","ammo_tier":"7","weapon_type":null},"59":{"name":"Sapphire bolts","id":"9337","link":"http://2007.runescape.wikia.com/wiki/Sapphire_bolts","slotname":"ammoslot","level":{"attack":"0","strength":"0","defence":"0","hitpoints":"0","magic":"0","ranged":"0","prayer":"0"},"offence":{"stab":"0","slash":"0","crush":"0","ranged":"0","magic":"0"},"defence":{"stab":"0","slash":"0","crush":"0","ranged":"0","magic":"0"},"others":{"strength":"0","ranged_strength":"83","magic_damage":"0","prayer":"0"},"hand":null,"ammo_type":"bolts","ammo_tier":"5","weapon_type":null},"60":{"name":"Sapphire bolts (e)","id":"9240","link":"http://2007.runescape.wikia.com/wiki/Sapphire_bolts_(e)","slotname":"ammoslot","level":{"attack":"0","strength":"0","defence":"0","hitpoints":"0","magic":"0","ranged":"0","prayer":"0"},"offence":{"stab":"0","slash":"0","crush":"0","ranged":"0","magic":"0"},"defence":{"stab":"0","slash":"0","crush":"0","ranged":"0","magic":"0"},"others":{"strength":"0","ranged_strength":"83","magic_damage":"0","prayer":"0"},"hand":null,"ammo_type":"bolts","ammo_tier":"5","weapon_type":null},"61":{"name":"Silver bolts","id":"9145","link":"http://2007.runescape.wikia.com/wiki/Silver_bolts","slotname":"ammoslot","level":{"attack":"0","strength":"0","defence":"0","hitpoints":"0","magic":"0","ranged":"0","prayer":"0"},"offence":{"stab":"0","slash":"0","crush":"0","ranged":"0","magic":"0"},"defence":{"stab":"0","slash":"0","crush":"0","ranged":"0","magic":"0"},"others":{"strength":"0","ranged_strength":"36","magic_damage":"0","prayer":"0"},"hand":null,"ammo_type":"bolts","ammo_tier":"2","weapon_type":null},"62":{"name":"Steel arrow","id":"11702","link":"http://2007.runescape.wikia.com/wiki/Steel_arrow","slotname":"ammoslot","level":{"attack":"0","strength":"0","defence":"0","hitpoints":"0","magic":"0","ranged":"0","prayer":"0"},"offence":{"stab":"0","slash":"0","crush":"0","ranged":"0","magic":"0"},"defence":{"stab":"0","slash":"0","crush":"0","ranged":"0","magic":"0"},"others":{"strength":"0","ranged_strength":"16","magic_damage":"0","prayer":"0"},"hand":null,"ammo_type":"arrows","ammo_tier":"3","weapon_type":null},"63":{"name":"Steel bolts","id":"9141","link":"http://2007.runescape.wikia.com/wiki/Steel_bolts","slotname":"ammoslot","level":{"attack":"0","strength":"0","defence":"0","hitpoints":"0","magic":"0","ranged":"0","prayer":"0"},"offence":{"stab":"0","slash":"0","crush":"0","ranged":"0","magic":"0"},"defence":{"stab":"0","slash":"0","crush":"0","ranged":"0","magic":"0"},"others":{"strength":"0","ranged_strength":"64","magic_damage":"0","prayer":"0"},"hand":null,"ammo_type":"bolts","ammo_tier":"4","weapon_type":null},"64":{"name":"Steel brutal","id":"4783","link":"http://2007.runescape.wikia.com/wiki/Steel_brutal","slotname":"ammoslot","level":{"attack":"0","strength":"0","defence":"0","hitpoints":"0","magic":"0","ranged":"0","prayer":"0"},"offence":{"stab":"0","slash":"0","crush":"0","ranged":"0","magic":"0"},"defence":{"stab":"0","slash":"0","crush":"0","ranged":"0","magic":"0"},"others":{"strength":"0","ranged_strength":"19","magic_damage":"0","prayer":"0"},"hand":null,"ammo_type":"brutals","ammo_tier":null,"weapon_type":null},"65":{"name":"Steel fire arrows","id":"2534","link":"http://2007.runescape.wikia.com/wiki/Steel_fire_arrows","slotname":"ammoslot","level":{"attack":"0","strength":"0","defence":"0","hitpoints":"0","magic":"0","ranged":"0","prayer":"0"},"offence":{"stab":"0","slash":"0","crush":"0","ranged":"0","magic":"0"},"defence":{"stab":"0","slash":"0","crush":"0","ranged":"0","magic":"0"},"others":{"strength":"0","ranged_strength":"16","magic_damage":"0","prayer":"0"},"hand":null,"ammo_type":"arrows","ammo_tier":"3","weapon_type":null},"66":{"name":"Tarromin tar","id":"10144","link":"http://2007.runescape.wikia.com/wiki/Tarromin_tar","slotname":"ammoslot","level":{"attack":"0","strength":"0","defence":"0","hitpoints":"0","magic":"0","ranged":"0","prayer":"0"},"offence":{"stab":"0","slash":"0","crush":"0","ranged":"0","magic":"0"},"defence":{"stab":"0","slash":"0","crush":"0","ranged":"0","magic":"0"},"others":{"strength":"0","ranged_strength":"31","magic_damage":"0","prayer":"0"},"hand":null,"ammo_type":"tar","ammo_tier":"3","weapon_type":null},"67":{"name":"Topaz bolts","id":"9336","link":"http://2007.runescape.wikia.com/wiki/Topaz_bolts","slotname":"ammoslot","level":{"attack":"0","strength":"0","defence":"0","hitpoints":"0","magic":"0","ranged":"0","prayer":"0"},"offence":{"stab":"0","slash":"0","crush":"0","ranged":"0","magic":"0"},"defence":{"stab":"0","slash":"0","crush":"0","ranged":"0","magic":"0"},"others":{"strength":"0","ranged_strength":"66","magic_damage":"0","prayer":"0"},"hand":null,"ammo_type":"bolts","ammo_tier":"4","weapon_type":null},"68":{"name":"Topaz bolts (e)","id":"9239","link":"http://2007.runescape.wikia.com/wiki/Topaz_bolts_(e)","slotname":"ammoslot","level":{"attack":"0","strength":"0","defence":"0","hitpoints":"0","magic":"0","ranged":"0","prayer":"0"},"offence":{"stab":"0","slash":"0","crush":"0","ranged":"0","magic":"0"},"defence":{"stab":"0","slash":"0","crush":"0","ranged":"0","magic":"0"},"others":{"strength":"0","ranged_strength":"66","magic_damage":"0","prayer":"0"},"hand":null,"ammo_type":"bolts","ammo_tier":"4","weapon_type":null},"69":{"name":"Training Arrows","id":"9707","link":"http://2007.runescape.wikia.com/wiki/Training_Arrow","slotname":"ammoslot","level":{"attack":"0","strength":"0","defence":"0","hitpoints":"0","magic":"0","ranged":"0","prayer":"0"},"offence":{"stab":"0","slash":"0","crush":"0","ranged":"0","magic":"0"},"defence":{"stab":"0","slash":"0","crush":"0","ranged":"0","magic":"0"},"others":{"strength":"0","ranged_strength":"7","magic_damage":"0","prayer":"0"},"hand":null,"ammo_type":"arrows","ammo_tier":"0","weapon_type":null},"70":{"name":"Unholy Blessing","id":"20223","link":"http://oldschoolrunescape.wikia.com/wiki/Unholy_blessing","slotname":"ammoslot","level":{"attack":"0","strength":"0","defence":"0","hitpoints":"0","magic":"0","ranged":"0","prayer":"0"},"offence":{"stab":"0","slash":"0","crush":"0","ranged":"0","magic":"0"},"defence":{"stab":"0","slash":"0","crush":"0","ranged":"0","magic":"0"},"others":{"strength":"0","ranged_strength":"0","magic_damage":"0","prayer":"1"},"hand":null,"ammo_type":null,"ammo_tier":null,"weapon_type":null},"71":{"name":"War blessing","id":"20232","link":"http://oldschoolrunescape.wikia.com/wiki/War_blessing","slotname":"ammoslot","level":{"attack":"0","strength":"0","defence":"0","hitpoints":"0","magic":"0","ranged":"0","prayer":"0"},"offence":{"stab":"0","slash":"0","crush":"0","ranged":"0","magic":"0"},"defence":{"stab":"0","slash":"0","crush":"0","ranged":"0","magic":"0"},"others":{"strength":"0","ranged_strength":"0","magic_damage":"0","prayer":"1"},"hand":null,"ammo_type":null,"ammo_tier":null,"weapon_type":null}}