{"0":{"name":"Adamant boots","id":"4129","link":"http://2007.runescape.wikia.com/wiki/Adamant_boots","slotname":"bootsslot","level":{"attack":"0","strength":"0","defence":"30","hitpoints":"0","magic":"0","ranged":"0","prayer":"0"},"offence":{"stab":"0","slash":"0","crush":"0","ranged":"-1","magic":"-3"},"defence":{"stab":"10","slash":"11","crush":"12","ranged":"0","magic":"0"},"others":{"strength":"1","ranged_strength":"0","magic_damage":"0","prayer":"0"},"hand":null,"ammo_type":null,"ammo_tier":null,"weapon_type":null},"1":{"name":"Bandos boots","id":"11836","link":"http://2007.runescape.wikia.com/wiki/Bandos_boots","slotname":"bootsslot","level":{"attack":"0","strength":"0","defence":"65","hitpoints":"0","magic":"0","ranged":"0","prayer":"0"},"offence":{"stab":"0","slash":"0","crush":"0","ranged":"-3","magic":"-5"},"defence":{"stab":"17","slash":"18","crush":"19","ranged":"15","magic":"0"},"others":{"strength":"0","ranged_strength":"0","magic_damage":"0","prayer":"1"},"hand":null,"ammo_type":null,"ammo_tier":null,"weapon_type":null},"2":{"name":"Black boots","id":"4125","link":"http://2007.runescape.wikia.com/wiki/Black_boots","slotname":"bootsslot","level":{"attack":"0","strength":"0","defence":"10","hitpoints":"0","magic":"0","ranged":"0","prayer":"0"},"offence":{"stab":"0","slash":"0","crush":"0","ranged":"-1","magic":"-3"},"defence":{"stab":"7","slash":"8","crush":"9","ranged":"0","magic":"0"},"others":{"strength":"0","ranged_strength":"0","magic_damage":"0","prayer":"0"},"hand":null,"ammo_type":null,"ammo_tier":null,"weapon_type":null},"3":{"name":"Blessed d'hide boots","id":"19921","link":"http://2007.runescape.wikia.com/wiki/Armadyl_d%27hide_boots","slotname":"bootsslot","level":{"attack":"0","strength":"0","defence":"40","hitpoints":"0","magic":"0","ranged":"70","prayer":"0"},"offence":{"stab":"0","slash":"0","crush":"0","ranged":"7","magic":"-10"},"defence":{"stab":"4","slash":"4","crush":"4","ranged":"4","magic":"4"},"others":{"strength":"0","ranged_strength":"0","magic_damage":"0","prayer":"1"},"hand":null,"ammo_type":null,"ammo_tier":null,"weapon_type":null},"4":{"name":"Boots of darkness","id":"12612","link":"http://2007.runescape.wikia.com/wiki/Boots_of_darkness","slotname":"bootsslot","level":{"attack":"0","strength":"0","defence":"20","hitpoints":"0","magic":"40","ranged":"0","prayer":"0"},"offence":{"stab":"0","slash":"0","crush":"0","ranged":"0","magic":"3"},"defence":{"stab":"0","slash":"0","crush":"0","ranged":"0","magic":"3"},"others":{"strength":"0","ranged_strength":"0","magic_damage":"0","prayer":"0"},"hand":null,"ammo_type":null,"ammo_tier":null,"weapon_type":null},"5":{"name":"Bronze boots","id":"4119","link":"http://2007.runescape.wikia.com/wiki/Bronze_boots","slotname":"bootsslot","level":{"attack":"0","strength":"0","defence":"1","hitpoints":"0","magic":"0","ranged":"0","prayer":"0"},"offence":{"stab":"0","slash":"0","crush":"0","ranged":"-1","magic":"-3"},"defence":{"stab":"1","slash":"2","crush":"3","ranged":"0","magic":"0"},"others":{"strength":"0","ranged_strength":"0","magic_damage":"0","prayer":"0"},"hand":null,"ammo_type":null,"ammo_tier":null,"weapon_type":null},"6":{"name":"Climbing boots","id":"3105","link":"http://2007.runescape.wikia.com/wiki/Climbing_boots","slotname":"bootsslot","level":{"attack":"16","strength":"0","defence":"0","hitpoints":"0","magic":"0","ranged":"0","prayer":"0"},"offence":{"stab":"0","slash":"0","crush":"0","ranged":"0","magic":"0"},"defence":{"stab":"0","slash":"2","crush":"2","ranged":"0","magic":"0"},"others":{"strength":"2","ranged_strength":"0","magic_damage":"0","prayer":"0"},"hand":null,"ammo_type":null,"ammo_tier":null,"weapon_type":null},"7":{"name":"Dragon boots","id":"11840","link":"http://2007.runescape.wikia.com/wiki/Dragon_boots","slotname":"bootsslot","level":{"attack":"0","strength":"0","defence":"60","hitpoints":"0","magic":"0","ranged":"0","prayer":"0"},"offence":{"stab":"0","slash":"0","crush":"0","ranged":"-1","magic":"-3"},"defence":{"stab":"16","slash":"17","crush":"18","ranged":"0","magic":"0"},"others":{"strength":"4","ranged_strength":"0","magic_damage":"0","prayer":"0"},"hand":null,"ammo_type":null,"ammo_tier":null,"weapon_type":null},"8":{"name":"Eternal boots","id":"13235","link":"http://2007.runescape.wikia.com/wiki/Eternal_boots","slotname":"bootsslot","level":{"attack":"0","strength":"0","defence":"75","hitpoints":"0","magic":"75","ranged":"0","prayer":"0"},"offence":{"stab":"0","slash":"0","crush":"0","ranged":"0","magic":"8"},"defence":{"stab":"5","slash":"5","crush":"5","ranged":"5","magic":"8"},"others":{"strength":"0","ranged_strength":"0","magic_damage":"0","prayer":"0"},"hand":null,"ammo_type":null,"ammo_tier":null,"weapon_type":null},"9":{"name":"Fancy boots","id":"9005","link":"http://2007.runescape.wikia.com/wiki/Fancy_boots","slotname":"bootsslot","level":{"attack":"0","strength":"0","defence":"0","hitpoints":"0","magic":"0","ranged":"0","prayer":"0"},"offence":{"stab":"0","slash":"0","crush":"0","ranged":"-1","magic":"-3"},"defence":{"stab":"1","slash":"2","crush":"3","ranged":"0","magic":"0"},"others":{"strength":"0","ranged_strength":"0","magic_damage":"0","prayer":"0"},"hand":null,"ammo_type":null,"ammo_tier":null,"weapon_type":null},"10":{"name":"Fighting boots","id":"9006","link":"http://2007.runescape.wikia.com/wiki/Fighting_boots","slotname":"bootsslot","level":{"attack":"0","strength":"0","defence":"0","hitpoints":"0","magic":"0","ranged":"0","prayer":"0"},"offence":{"stab":"0","slash":"0","crush":"0","ranged":"-1","magic":"-3"},"defence":{"stab":"1","slash":"2","crush":"3","ranged":"0","magic":"0"},"others":{"strength":"0","ranged_strength":"0","magic_damage":"0","prayer":"0"},"hand":null,"ammo_type":null,"ammo_tier":null,"weapon_type":null},"11":{"name":"Fremennik boots","id":"3791","link":"http://2007.runescape.wikia.com/wiki/Fremennik_boots","slotname":"bootsslot","level":{"attack":"0","strength":"0","defence":"0","hitpoints":"0","magic":"0","ranged":"0","prayer":"0"},"offence":{"stab":"0","slash":"0","crush":"0","ranged":"0","magic":"0"},"defence":{"stab":"0","slash":"1","crush":"1","ranged":"0","magic":"0"},"others":{"strength":"0","ranged_strength":"0","magic_damage":"0","prayer":"0"},"hand":null,"ammo_type":null,"ammo_tier":null,"weapon_type":null},"12":{"name":"Fremennik sea boots 1","id":"18667","link":"http://2007.runescape.wikia.com/wiki/Fremennik_sea_boots_1","slotname":"bootsslot","level":{"attack":"0","strength":"0","defence":"0","hitpoints":"0","magic":"0","ranged":"0","prayer":"0"},"offence":{"stab":"0","slash":"0","crush":"0","ranged":"-1","magic":"-3"},"defence":{"stab":"2","slash":"3","crush":"4","ranged":"0","magic":"0"},"others":{"strength":"0","ranged_strength":"0","magic_damage":"0","prayer":"0"},"hand":null,"ammo_type":null,"ammo_tier":null,"weapon_type":null},"13":{"name":"Fremennik sea boots 2","id":"18668","link":"http://2007.runescape.wikia.com/wiki/Fremennik_sea_boots_2","slotname":"bootsslot","level":{"attack":"0","strength":"0","defence":"0","hitpoints":"0","magic":"0","ranged":"0","prayer":"0"},"offence":{"stab":"0","slash":"0","crush":"0","ranged":"-1","magic":"-3"},"defence":{"stab":"5","slash":"6","crush":"7","ranged":"0","magic":"0"},"others":{"strength":"0","ranged_strength":"0","magic_damage":"0","prayer":"0"},"hand":null,"ammo_type":null,"ammo_tier":null,"weapon_type":null},"14":{"name":"Fremennik sea boots 3","id":"18669","link":"http://2007.runescape.wikia.com/wiki/Fremennik_sea_boots_3","slotname":"bootsslot","level":{"attack":"0","strength":"0","defence":"0","hitpoints":"0","magic":"72","ranged":"0","prayer":"0"},"offence":{"stab":"0","slash":"0","crush":"0","ranged":"-1","magic":"-3"},"defence":{"stab":"7","slash":"8","crush":"9","ranged":"0","magic":"0"},"others":{"strength":"0","ranged_strength":"0","magic_damage":"0","prayer":"0"},"hand":null,"ammo_type":null,"ammo_tier":null,"weapon_type":null},"15":{"name":"Fremennik sea boots 4","id":"18670","link":"http://2007.runescape.wikia.com/wiki/Fremennik_sea_boots_4","slotname":"bootsslot","level":{"attack":"0","strength":"70","defence":"0","hitpoints":"70","magic":"72","ranged":"70","prayer":"0"},"offence":{"stab":"0","slash":"0","crush":"0","ranged":"1","magic":"1"},"defence":{"stab":"10","slash":"11","crush":"12","ranged":"0","magic":"0"},"others":{"strength":"1","ranged_strength":"0","magic_damage":"0","prayer":"0"},"hand":null,"ammo_type":null,"ammo_tier":null,"weapon_type":null},"16":{"name":"Frog-leather boots","id":"10958","link":"http://2007.runescape.wikia.com/wiki/Frog-leather_boots","slotname":"bootsslot","level":{"attack":"0","strength":"0","defence":"25","hitpoints":"0","magic":"0","ranged":"25","prayer":"0"},"offence":{"stab":"0","slash":"0","crush":"0","ranged":"2","magic":"-8"},"defence":{"stab":"1","slash":"1","crush":"1","ranged":"1","magic":"0"},"others":{"strength":"0","ranged_strength":"0","magic_damage":"0","prayer":"0"},"hand":null,"ammo_type":null,"ammo_tier":null,"weapon_type":null},"17":{"name":"Granite boots","id":"21643","link":"http://oldschoolrunescape.wikia.com/wiki/Granite_boots","slotname":"bootsslot","level":{"attack":"0","strength":"50","defence":"50","hitpoints":"0","magic":"0","ranged":"0","prayer":"0"},"offence":{"stab":"0","slash":"0","crush":"0","ranged":"-1","magic":"-3"},"defence":{"stab":"12","slash":"13","crush":"14","ranged":"8","magic":"0"},"others":{"strength":"3","ranged_strength":"0","magic_damage":"0","prayer":"0"},"hand":null,"ammo_type":null,"ammo_tier":null,"weapon_type":null},"18":{"name":"Guardian boots","id":"21733","link":"http://2007.runescape.wikia.com/wiki/Bandos_boots","slotname":"bootsslot","level":{"attack":"0","strength":"0","defence":"75","hitpoints":"0","magic":"0","ranged":"0","prayer":"0"},"offence":{"stab":"0","slash":"0","crush":"0","ranged":"-1","magic":"-3"},"defence":{"stab":"32","slash":"32","crush":"32","ranged":"24","magic":"-3"},"others":{"strength":"3","ranged_strength":"0","magic_damage":"0","prayer":"2"},"hand":null,"ammo_type":null,"ammo_tier":null,"weapon_type":null},"19":{"name":"Holy sandals","id":"12598","link":"http://2007.runescape.wikia.com/wiki/Holy_sandals","slotname":"bootsslot","level":{"attack":"0","strength":"0","defence":"0","hitpoints":"0","magic":"0","ranged":"0","prayer":"31"},"offence":{"stab":"0","slash":"0","crush":"0","ranged":"0","magic":"0"},"defence":{"stab":"0","slash":"0","crush":"0","ranged":"0","magic":"0"},"others":{"strength":"0","ranged_strength":"0","magic_damage":"0","prayer":"3"},"hand":null,"ammo_type":null,"ammo_tier":null,"weapon_type":null},"20":{"name":"Infinity boots","id":"6920","link":"http://2007.runescape.wikia.com/wiki/Infinity_boots","slotname":"bootsslot","level":{"attack":"0","strength":"0","defence":"25","hitpoints":"0","magic":"50","ranged":"0","prayer":"0"},"offence":{"stab":"0","slash":"0","crush":"0","ranged":"0","magic":"5"},"defence":{"stab":"0","slash":"0","crush":"0","ranged":"0","magic":"5"},"others":{"strength":"0","ranged_strength":"0","magic_damage":"0","prayer":"0"},"hand":null,"ammo_type":null,"ammo_tier":null,"weapon_type":null},"21":{"name":"Iron boots","id":"4121","link":"http://2007.runescape.wikia.com/wiki/Iron_boots","slotname":"bootsslot","level":{"attack":"0","strength":"0","defence":"10","hitpoints":"0","magic":"0","ranged":"0","prayer":"0"},"offence":{"stab":"0","slash":"0","crush":"0","ranged":"-1","magic":"-3"},"defence":{"stab":"2","slash":"3","crush":"4","ranged":"0","magic":"0"},"others":{"strength":"0","ranged_strength":"0","magic_damage":"0","prayer":"0"},"hand":null,"ammo_type":null,"ammo_tier":null,"weapon_type":null},"22":{"name":"Leather boots","id":"6893","link":"http://2007.runescape.wikia.com/wiki/Leather_boots","slotname":"bootsslot","level":{"attack":"0","strength":"0","defence":"0","hitpoints":"0","magic":"0","ranged":"0","prayer":"0"},"offence":{"stab":"0","slash":"0","crush":"0","ranged":"0","magic":"0"},"defence":{"stab":"0","slash":"1","crush":"1","ranged":"0","magic":"0"},"others":{"strength":"0","ranged_strength":"0","magic_damage":"0","prayer":"0"},"hand":null,"ammo_type":null,"ammo_tier":null,"weapon_type":null},"23":{"name":"Lunar boots","id":"9100","link":"http://2007.runescape.wikia.com/wiki/Lunar_boots","slotname":"bootsslot","level":{"attack":"0","strength":"0","defence":"40","hitpoints":"0","magic":"65","ranged":"0","prayer":"0"},"offence":{"stab":"0","slash":"0","crush":"0","ranged":"-1","magic":"2"},"defence":{"stab":"0","slash":"0","crush":"0","ranged":"0","magic":"1"},"others":{"strength":"0","ranged_strength":"0","magic_damage":"0","prayer":"0"},"hand":null,"ammo_type":null,"ammo_tier":null,"weapon_type":null},"24":{"name":"Mithril boots","id":"4127","link":"http://2007.runescape.wikia.com/wiki/Mithril_boots","slotname":"bootsslot","level":{"attack":"0","strength":"0","defence":"20","hitpoints":"0","magic":"0","ranged":"0","prayer":"0"},"offence":{"stab":"0","slash":"0","crush":"0","ranged":"-1","magic":"-3"},"defence":{"stab":"8","slash":"9","crush":"10","ranged":"0","magic":"0"},"others":{"strength":"0","ranged_strength":"0","magic_damage":"0","prayer":"0"},"hand":null,"ammo_type":null,"ammo_tier":null,"weapon_type":null},"25":{"name":"Mystic boots","id":"4097","link":"http://2007.runescape.wikia.com/wiki/Mystic_boots","slotname":"bootsslot","level":{"attack":"0","strength":"0","defence":"20","hitpoints":"0","magic":"40","ranged":"0","prayer":"0"},"offence":{"stab":"0","slash":"0","crush":"0","ranged":"0","magic":"3"},"defence":{"stab":"0","slash":"0","crush":"0","ranged":"0","magic":"3"},"others":{"strength":"0","ranged_strength":"0","magic_damage":"0","prayer":"0"},"hand":null,"ammo_type":null,"ammo_tier":null,"weapon_type":null},"26":{"name":"Pegasian boots","id":"13237","link":"http://2007.runescape.wikia.com/wiki/Pegasian_boots","slotname":"bootsslot","level":{"attack":"0","strength":"0","defence":"75","hitpoints":"0","magic":"0","ranged":"75","prayer":"0"},"offence":{"stab":"0","slash":"0","crush":"0","ranged":"12","magic":"-12"},"defence":{"stab":"5","slash":"5","crush":"5","ranged":"5","magic":"5"},"others":{"strength":"0","ranged_strength":"0","magic_damage":"0","prayer":"0"},"hand":null,"ammo_type":null,"ammo_tier":null,"weapon_type":null},"27":{"name":"Primordial boots","id":"13239","link":"http://2007.runescape.wikia.com/wiki/Primordial_boots","slotname":"bootsslot","level":{"attack":"0","strength":"75","defence":"75","hitpoints":"0","magic":"0","ranged":"0","prayer":"0"},"offence":{"stab":"2","slash":"2","crush":"2","ranged":"-1","magic":"-4"},"defence":{"stab":"22","slash":"22","crush":"22","ranged":"0","magic":"0"},"others":{"strength":"5","ranged_strength":"0","magic_damage":"0","prayer":"0"},"hand":null,"ammo_type":null,"ammo_tier":null,"weapon_type":null},"28":{"name":"Ranger boots","id":"10696","link":"http://2007.runescape.wikia.com/wiki/Ranger_boots","slotname":"bootsslot","level":{"attack":"0","strength":"0","defence":"0","hitpoints":"0","magic":"0","ranged":"40","prayer":"0"},"offence":{"stab":"0","slash":"0","crush":"0","ranged":"8","magic":"-10"},"defence":{"stab":"2","slash":"3","crush":"4","ranged":"0","magic":"2"},"others":{"strength":"0","ranged_strength":"0","magic_damage":"0","prayer":"0"},"hand":null,"ammo_type":null,"ammo_tier":null,"weapon_type":null},"29":{"name":"Rogue boots","id":"18430","link":"http://2007.runescape.wikia.com/wiki/Rogue_boots","slotname":"bootsslot","level":{"attack":"0","strength":"0","defence":"0","hitpoints":"0","magic":"0","ranged":"0","prayer":"0"},"offence":{"stab":"0","slash":"0","crush":"0","ranged":"0","magic":"0"},"defence":{"stab":"2","slash":"2","crush":"2","ranged":"2","magic":"2"},"others":{"strength":"0","ranged_strength":"0","magic_damage":"0","prayer":"0"},"hand":null,"ammo_type":null,"ammo_tier":null,"weapon_type":null},"30":{"name":"Rune boots","id":"4131","link":"http://2007.runescape.wikia.com/wiki/Rune_boots","slotname":"bootsslot","level":{"attack":"0","strength":"0","defence":"40","hitpoints":"0","magic":"0","ranged":"0","prayer":"0"},"offence":{"stab":"0","slash":"0","crush":"0","ranged":"-1","magic":"-3"},"defence":{"stab":"12","slash":"13","crush":"14","ranged":"0","magic":"0"},"others":{"strength":"2","ranged_strength":"0","magic_damage":"0","prayer":"0"},"hand":null,"ammo_type":null,"ammo_tier":null,"weapon_type":null},"31":{"name":"Runner boots","id":"10552","link":"http://2007.runescape.wikia.com/wiki/Runner_boots","slotname":"bootsslot","level":{"attack":"0","strength":"0","defence":"40","hitpoints":"0","magic":"0","ranged":"0","prayer":"0"},"offence":{"stab":"0","slash":"0","crush":"0","ranged":"1","magic":"1"},"defence":{"stab":"8","slash":"8","crush":"8","ranged":"0","magic":"0"},"others":{"strength":"0","ranged_strength":"0","magic_damage":"0","prayer":"0"},"hand":null,"ammo_type":null,"ammo_tier":null,"weapon_type":null},"32":{"name":"Samurai boots","id":"20047","link":"http://2007.runescape.wikia.com/wiki/Samurai_boots","slotname":"bootsslot","level":{"attack":"0","strength":"0","defence":"35","hitpoints":"0","magic":"0","ranged":"0","prayer":"0"},"offence":{"stab":"0","slash":"0","crush":"0","ranged":"0","magic":"0"},"defence":{"stab":"11","slash":"12","crush":"13","ranged":"0","magic":"1"},"others":{"strength":"0","ranged_strength":"0","magic_damage":"0","prayer":"0"},"hand":null,"ammo_type":null,"ammo_tier":null,"weapon_type":null},"33":{"name":"Snakeskin boots","id":"6328","link":"http://2007.runescape.wikia.com/wiki/Snakeskin_boots","slotname":"bootsslot","level":{"attack":"0","strength":"0","defence":"30","hitpoints":"0","magic":"0","ranged":"30","prayer":"0"},"offence":{"stab":"0","slash":"0","crush":"0","ranged":"3","magic":"-10"},"defence":{"stab":"1","slash":"1","crush":"2","ranged":"0","magic":"1"},"others":{"strength":"0","ranged_strength":"0","magic_damage":"0","prayer":"0"},"hand":null,"ammo_type":null,"ammo_tier":null,"weapon_type":null},"34":{"name":"Splitbark boots","id":"3393","link":"http://2007.runescape.wikia.com/wiki/Splitbark_boots","slotname":"bootsslot","level":{"attack":"0","strength":"0","defence":"40","hitpoints":"0","magic":"40","ranged":"0","prayer":"0"},"offence":{"stab":"0","slash":"0","crush":"0","ranged":"-1","magic":"2"},"defence":{"stab":"3","slash":"2","crush":"4","ranged":"0","magic":"2"},"others":{"strength":"0","ranged_strength":"0","magic_damage":"0","prayer":"0"},"hand":null,"ammo_type":null,"ammo_tier":null,"weapon_type":null},"35":{"name":"Steel boots","id":"4123","link":"http://2007.runescape.wikia.com/wiki/Steel_boots","slotname":"bootsslot","level":{"attack":"0","strength":"0","defence":"5","hitpoints":"0","magic":"0","ranged":"0","prayer":"0"},"offence":{"stab":"0","slash":"0","crush":"0","ranged":"-1","magic":"-3"},"defence":{"stab":"5","slash":"6","crush":"7","ranged":"0","magic":"0"},"others":{"strength":"0","ranged_strength":"0","magic_damage":"0","prayer":"0"},"hand":null,"ammo_type":null,"ammo_tier":null,"weapon_type":null},"36":{"name":"White boots","id":"6619","link":"http://2007.runescape.wikia.com/wiki/White_boots","slotname":"bootsslot","level":{"attack":"0","strength":"0","defence":"0","hitpoints":"0","magic":"0","ranged":"0","prayer":"0"},"offence":{"stab":"0","slash":"0","crush":"0","ranged":"-1","magic":"-3"},"defence":{"stab":"7","slash":"8","crush":"9","ranged":"0","magic":"0"},"others":{"strength":"0","ranged_strength":"0","magic_damage":"0","prayer":"1"},"hand":null,"ammo_type":null,"ammo_tier":null,"weapon_type":null},"37":{"name":"Wizard boots","id":"10689","link":"http://2007.runescape.wikia.com/wiki/Wizard_boots","slotname":"bootsslot","level":{"attack":"0","strength":"0","defence":"0","hitpoints":"0","magic":"20","ranged":"0","prayer":"0"},"offence":{"stab":"0","slash":"0","crush":"0","ranged":"0","magic":"4"},"defence":{"stab":"0","slash":"0","crush":"0","ranged":"0","magic":"4"},"others":{"strength":"0","ranged_strength":"0","magic_damage":"0","prayer":"0"},"hand":null,"ammo_type":null,"ammo_tier":null,"weapon_type":null}}