{"0":{"name":"3rd age cloak","id":"12437","link":"http://2007.runescape.wikia.com/wiki/3rd_age_cloak","slotname":"capeslot","level":{"attack":"0","strength":"0","defence":"0","hitpoints":"0","magic":"0","ranged":"0","prayer":"65"},"offence":{"stab":"0","slash":"0","crush":"0","ranged":"0","magic":"0"},"defence":{"stab":"9","slash":"9","crush":"9","ranged":"9","magic":"9"},"others":{"strength":"0","ranged_strength":"0","magic_damage":"0","prayer":"5"},"hand":null,"ammo_type":null,"ammo_tier":null,"weapon_type":null},"1":{"name":"Ancient cloak","id":"12197","link":"http://2007.runescape.wikia.com/wiki/Ancient_cloak","slotname":"capeslot","level":{"attack":"0","strength":"0","defence":"0","hitpoints":"0","magic":"0","ranged":"0","prayer":"40"},"offence":{"stab":"0","slash":"0","crush":"0","ranged":"0","magic":"1"},"defence":{"stab":"3","slash":"3","crush":"3","ranged":"3","magic":"3"},"others":{"strength":"0","ranged_strength":"0","magic_damage":"0","prayer":"3"},"hand":null,"ammo_type":null,"ammo_tier":null,"weapon_type":null},"2":{"name":"Ardougne cloak 1","id":"13121","link":"http://2007.runescape.wikia.com/wiki/Ardougne_cloak_1","slotname":"capeslot","level":{"attack":"0","strength":"0","defence":"0","hitpoints":"0","magic":"0","ranged":"0","prayer":"0"},"offence":{"stab":"2","slash":"0","crush":"0","ranged":"0","magic":"2"},"defence":{"stab":"2","slash":"0","crush":"0","ranged":"0","magic":"2"},"others":{"strength":"0","ranged_strength":"0","magic_damage":"0","prayer":"2"},"hand":null,"ammo_type":null,"ammo_tier":null,"weapon_type":null},"3":{"name":"Ardougne cloak 2","id":"18660","link":"http://2007.runescape.wikia.com/wiki/Ardougne_cloak_2","slotname":"capeslot","level":{"attack":"0","strength":"38","defence":"0","hitpoints":"0","magic":"51","ranged":"21","prayer":"0"},"offence":{"stab":"4","slash":"0","crush":"0","ranged":"0","magic":"4"},"defence":{"stab":"4","slash":"0","crush":"0","ranged":"0","magic":"4"},"others":{"strength":"0","ranged_strength":"0","magic_damage":"0","prayer":"4"},"hand":null,"ammo_type":null,"ammo_tier":null,"weapon_type":null},"4":{"name":"Ardougne cloak 3","id":"13123","link":"http://2007.runescape.wikia.com/wiki/Ardougne_cloak_3","slotname":"capeslot","level":{"attack":"0","strength":"38","defence":"0","hitpoints":"0","magic":"66","ranged":"21","prayer":"0"},"offence":{"stab":"5","slash":"0","crush":"0","ranged":"0","magic":"5"},"defence":{"stab":"5","slash":"0","crush":"0","ranged":"0","magic":"5"},"others":{"strength":"0","ranged_strength":"0","magic_damage":"0","prayer":"5"},"hand":null,"ammo_type":null,"ammo_tier":null,"weapon_type":null},"5":{"name":"Ardougne cloak 4","id":"18662","link":"http://2007.runescape.wikia.com/wiki/Ardougne_cloak_4","slotname":"capeslot","level":{"attack":"38","strength":"0","defence":"0","hitpoints":"0","magic":"94","ranged":"21","prayer":"0"},"offence":{"stab":"6","slash":"0","crush":"0","ranged":"0","magic":"6"},"defence":{"stab":"6","slash":"0","crush":"0","ranged":"0","magic":"6"},"others":{"strength":"0","ranged_strength":"0","magic_damage":"0","prayer":"6"},"hand":null,"ammo_type":null,"ammo_tier":null,"weapon_type":null},"6":{"name":"Ava's accumulator","id":"17109","link":"http://2007.runescape.wikia.com/wiki/Ava%27s_accumulator","slotname":"capeslot","level":{"attack":"0","strength":"0","defence":"0","hitpoints":"0","magic":"0","ranged":"50","prayer":"0"},"offence":{"stab":"0","slash":"0","crush":"0","ranged":"4","magic":"0"},"defence":{"stab":"0","slash":"1","crush":"0","ranged":"0","magic":"4"},"others":{"strength":"0","ranged_strength":"0","magic_damage":"0","prayer":"0"},"hand":null,"ammo_type":null,"ammo_tier":null,"weapon_type":null},"7":{"name":"Ava's assembler","id":"50005","link":"http://oldschoolrunescape.wikia.com/wiki/Ava's_assembler","slotname":"capeslot","level":{"attack":"0","strength":"0","defence":"0","hitpoints":"0","magic":"0","ranged":"70","prayer":"0"},"offence":{"stab":"0","slash":"0","crush":"0","ranged":"8","magic":"0"},"defence":{"stab":"1","slash":"1","crush":"1","ranged":"2","magic":"8"},"others":{"strength":"0","ranged_strength":"2","magic_damage":"0","prayer":"0"},"hand":null,"ammo_type":null,"ammo_tier":null,"weapon_type":null},"8":{"name":"Ava's attractor","id":"17108","link":"http://2007.runescape.wikia.com/wiki/Ava%27s_attractor","slotname":"capeslot","level":{"attack":"0","strength":"0","defence":"0","hitpoints":"0","magic":"0","ranged":"30","prayer":"0"},"offence":{"stab":"0","slash":"0","crush":"0","ranged":"2","magic":"0"},"defence":{"stab":"0","slash":"0","crush":"0","ranged":"0","magic":"2"},"others":{"strength":"0","ranged_strength":"0","magic_damage":"0","prayer":"0"},"hand":null,"ammo_type":null,"ammo_tier":null,"weapon_type":null},"9":{"name":"Bonesack","id":"17559","link":"http://2007.runescape.wikia.com/wiki/Bonesack","slotname":"capeslot","level":{"attack":"0","strength":"0","defence":"0","hitpoints":"0","magic":"0","ranged":"0","prayer":"0"},"offence":{"stab":"0","slash":"0","crush":"0","ranged":"0","magic":"0"},"defence":{"stab":"4","slash":"4","crush":"4","ranged":"4","magic":"4"},"others":{"strength":"0","ranged_strength":"0","magic_damage":"0","prayer":"0"},"hand":null,"ammo_type":null,"ammo_tier":null,"weapon_type":null},"10":{"name":"Cape of Accomplishment","id":"9804","link":"http://2007.runescape.wikia.com/wiki/Cape_of_Accomplishment","slotname":"capeslot","level":{"attack":"0","strength":"0","defence":"0","hitpoints":"0","magic":"0","ranged":"0","prayer":"0"},"offence":{"stab":"0","slash":"0","crush":"0","ranged":"0","magic":"0"},"defence":{"stab":"9","slash":"9","crush":"9","ranged":"9","magic":"9"},"others":{"strength":"0","ranged_strength":"0","magic_damage":"0","prayer":"0"},"hand":null,"ammo_type":null,"ammo_tier":null,"weapon_type":null},"11":{"name":"Cape of Accomplishment (t)","id":"9805","link":"http://2007.runescape.wikia.com/wiki/Cape_of_Accomplishment","slotname":"capeslot","level":{"attack":"0","strength":"0","defence":"0","hitpoints":"0","magic":"0","ranged":"0","prayer":"0"},"offence":{"stab":"0","slash":"0","crush":"0","ranged":"0","magic":"0"},"defence":{"stab":"9","slash":"9","crush":"9","ranged":"9","magic":"9"},"others":{"strength":"0","ranged_strength":"0","magic_damage":"0","prayer":"4"},"hand":null,"ammo_type":null,"ammo_tier":null,"weapon_type":null},"12":{"name":"Cape of legends","id":"1052","link":"http://2007.runescape.wikia.com/wiki/Cape_of_legends","slotname":"capeslot","level":{"attack":"0","strength":"0","defence":"0","hitpoints":"0","magic":"0","ranged":"0","prayer":"0"},"offence":{"stab":"0","slash":"0","crush":"0","ranged":"0","magic":"0"},"defence":{"stab":"7","slash":"7","crush":"7","ranged":"7","magic":"7"},"others":{"strength":"0","ranged_strength":"0","magic_damage":"0","prayer":"0"},"hand":null,"ammo_type":null,"ammo_tier":null,"weapon_type":null},"13":{"name":"Fire cape","id":"18244","link":"http://2007.runescape.wikia.com/wiki/Fire_cape","slotname":"capeslot","level":{"attack":"0","strength":"0","defence":"0","hitpoints":"0","magic":"0","ranged":"0","prayer":"0"},"offence":{"stab":"1","slash":"1","crush":"1","ranged":"1","magic":"1"},"defence":{"stab":"11","slash":"11","crush":"11","ranged":"11","magic":"11"},"others":{"strength":"4","ranged_strength":"0","magic_damage":"0","prayer":"2"},"hand":null,"ammo_type":null,"ammo_tier":null,"weapon_type":null},"14":{"name":"Guthix cape","id":"15616","link":"http://oldschoolrunescape.wikia.com/wiki/Guthix_cape","slotname":"capeslot","level":{"attack":"0","strength":"0","defence":"0","hitpoints":"0","magic":"60","ranged":"0","prayer":"0"},"offence":{"stab":"0","slash":"0","crush":"0","ranged":"0","magic":"10"},"defence":{"stab":"1","slash":"1","crush":"2","ranged":"0","magic":"10"},"others":{"strength":"0","ranged_strength":"0","magic_damage":"0","prayer":"0"},"hand":null,"ammo_type":null,"ammo_tier":null,"weapon_type":null},"15":{"name":"Imbued Guthix cape","id":"60003","link":"http://oldschoolrunescape.wikia.com/wiki/Guthix_cape","slotname":"capeslot","level":{"attack":"0","strength":"0","defence":"0","hitpoints":"0","magic":"60","ranged":"0","prayer":"0"},"offence":{"stab":"0","slash":"0","crush":"0","ranged":"0","magic":"15"},"defence":{"stab":"3","slash":"3","crush":"3","ranged":"0","magic":"15"},"others":{"strength":"0","ranged_strength":"0","magic_damage":"2","prayer":"0"},"hand":null,"ammo_type":null,"ammo_tier":null,"weapon_type":null},"16":{"name":"Imbued Saradomin cape","id":"60002","link":"http://oldschoolrunescape.wikia.com/wiki/Saradomin_cape","slotname":"capeslot","level":{"attack":"0","strength":"0","defence":"0","hitpoints":"0","magic":"60","ranged":"0","prayer":"0"},"offence":{"stab":"0","slash":"0","crush":"0","ranged":"0","magic":"15"},"defence":{"stab":"3","slash":"3","crush":"3","ranged":"0","magic":"15"},"others":{"strength":"0","ranged_strength":"0","magic_damage":"2","prayer":"0"},"hand":null,"ammo_type":null,"ammo_tier":null,"weapon_type":null},"17":{"name":"Imbued Zamorak cape","id":"60001","link":"http://oldschoolrunescape.wikia.com/wiki/Zamorak_cape","slotname":"capeslot","level":{"attack":"0","strength":"0","defence":"0","hitpoints":"0","magic":"60","ranged":"0","prayer":"0"},"offence":{"stab":"0","slash":"0","crush":"0","ranged":"0","magic":"15"},"defence":{"stab":"3","slash":"3","crush":"3","ranged":"0","magic":"15"},"others":{"strength":"0","ranged_strength":"0","magic_damage":"2","prayer":"0"},"hand":null,"ammo_type":null,"ammo_tier":null,"weapon_type":null},"18":{"name":"Inferno Cape","id":"50000","link":"http://2007.runescape.wikia.com/wiki/Fire_cape","slotname":"capeslot","level":{"attack":"0","strength":"0","defence":"0","hitpoints":"0","magic":"0","ranged":"0","prayer":"0"},"offence":{"stab":"4","slash":"4","crush":"4","ranged":"1","magic":"1"},"defence":{"stab":"12","slash":"12","crush":"12","ranged":"12","magic":"12"},"others":{"strength":"8","ranged_strength":"0","magic_damage":"0","prayer":"2"},"hand":null,"ammo_type":null,"ammo_tier":null,"weapon_type":null},"19":{"name":"Lunar cape","id":"16707","link":"http://2007.runescape.wikia.com/wiki/Lunar_cape","slotname":"capeslot","level":{"attack":"0","strength":"0","defence":"40","hitpoints":"0","magic":"65","ranged":"0","prayer":"0"},"offence":{"stab":"0","slash":"0","crush":"0","ranged":"0","magic":"0"},"defence":{"stab":"0","slash":"1","crush":"1","ranged":"2","magic":"0"},"others":{"strength":"0","ranged_strength":"0","magic_damage":"0","prayer":"0"},"hand":null,"ammo_type":null,"ammo_tier":null,"weapon_type":null},"20":{"name":"Mythical Cape","id":"50006","link":"http://oldschoolrunescape.wikia.com/wiki/Mythical_cape","slotname":"capeslot","level":{"attack":"0","strength":"0","defence":"30","hitpoints":"50","magic":"75","ranged":"0","prayer":"0"},"offence":{"stab":"0","slash":"0","crush":"6","ranged":"0","magic":"0"},"defence":{"stab":"8","slash":"8","crush":"8","ranged":"8","magic":"8"},"others":{"strength":"1","ranged_strength":"0","magic_damage":"0","prayer":"1"},"hand":null,"ammo_type":null,"ammo_tier":null,"weapon_type":null},"21":{"name":"Obsidian cape","id":"6568","link":"http://2007.runescape.wikia.com/wiki/Obsidian_cape","slotname":"capeslot","level":{"attack":"0","strength":"0","defence":"0","hitpoints":"0","magic":"0","ranged":"0","prayer":"0"},"offence":{"stab":"0","slash":"0","crush":"0","ranged":"0","magic":"0"},"defence":{"stab":"9","slash":"9","crush":"9","ranged":"9","magic":"9"},"others":{"strength":"0","ranged_strength":"0","magic_damage":"0","prayer":"0"},"hand":null,"ammo_type":null,"ammo_tier":null,"weapon_type":null},"22":{"name":"Saradomin cape","id":"15615","link":"http://oldschoolrunescape.wikia.com/wiki/Saradomin_cape","slotname":"capeslot","level":{"attack":"0","strength":"0","defence":"0","hitpoints":"0","magic":"60","ranged":"0","prayer":"0"},"offence":{"stab":"0","slash":"0","crush":"0","ranged":"0","magic":"10"},"defence":{"stab":"1","slash":"1","crush":"2","ranged":"0","magic":"10"},"others":{"strength":"0","ranged_strength":"0","magic_damage":"0","prayer":"0"},"hand":null,"ammo_type":null,"ammo_tier":null,"weapon_type":null},"23":{"name":"Team cape","id":"20211","link":"http://2007.runescape.wikia.com/wiki/Team_cape","slotname":"capeslot","level":{"attack":"0","strength":"0","defence":"0","hitpoints":"0","magic":"0","ranged":"0","prayer":"0"},"offence":{"stab":"0","slash":"0","crush":"0","ranged":"0","magic":"0"},"defence":{"stab":"0","slash":"1","crush":"1","ranged":"2","magic":"0"},"others":{"strength":"0","ranged_strength":"0","magic_damage":"0","prayer":"0"},"hand":null,"ammo_type":null,"ammo_tier":null,"weapon_type":null},"24":{"name":"Vestment cloak","id":"12261","link":"http://2007.runescape.wikia.com/wiki/Armadyl_cloak","slotname":"capeslot","level":{"attack":"0","strength":"0","defence":"0","hitpoints":"0","magic":"0","ranged":"0","prayer":"40"},"offence":{"stab":"0","slash":"0","crush":"0","ranged":"0","magic":"1"},"defence":{"stab":"3","slash":"3","crush":"3","ranged":"3","magic":"3"},"others":{"strength":"0","ranged_strength":"0","magic_damage":"0","prayer":"3"},"hand":null,"ammo_type":null,"ammo_tier":null,"weapon_type":null},"25":{"name":"Zamorak cape","id":"15617","link":"http://oldschoolrunescape.wikia.com/wiki/Zamorak_cape","slotname":"capeslot","level":{"attack":"0","strength":"0","defence":"0","hitpoints":"0","magic":"60","ranged":"0","prayer":"0"},"offence":{"stab":"0","slash":"0","crush":"0","ranged":"0","magic":"10"},"defence":{"stab":"1","slash":"1","crush":"2","ranged":"0","magic":"10"},"others":{"strength":"0","ranged_strength":"0","magic_damage":"0","prayer":"0"},"hand":null,"ammo_type":null,"ammo_tier":null,"weapon_type":null}}