{"0":{"name":"3rd age platebody","id":"10348","link":"http://2007.runescape.wikia.com/wiki/3rd_age_platebody","slotname":"chestslot","level":{"attack":"0","strength":"0","defence":"65","hitpoints":"0","magic":"0","ranged":"0","prayer":"0"},"offence":{"stab":"0","slash":"0","crush":"0","ranged":"0","magic":"-20"},"defence":{"stab":"96","slash":"108","crush":"113","ranged":"97","magic":"-4"},"others":{"strength":"0","ranged_strength":"0","magic_damage":"0","prayer":"0"},"hand":null,"ammo_type":null,"ammo_tier":null,"weapon_type":null},"1":{"name":"3rd age range top","id":"10330","link":"http://2007.runescape.wikia.com/wiki/3rd_age_range_top","slotname":"chestslot","level":{"attack":"0","strength":"0","defence":"45","hitpoints":"0","magic":"0","ranged":"65","prayer":"0"},"offence":{"stab":"0","slash":"0","crush":"0","ranged":"30","magic":"-15"},"defence":{"stab":"55","slash":"47","crush":"60","ranged":"55","magic":"60"},"others":{"strength":"0","ranged_strength":"0","magic_damage":"0","prayer":"0"},"hand":null,"ammo_type":null,"ammo_tier":null,"weapon_type":null},"2":{"name":"3rd age robe top","id":"10338","link":"http://2007.runescape.wikia.com/wiki/3rd_age_robe_top","slotname":"chestslot","level":{"attack":"0","strength":"0","defence":"30","hitpoints":"0","magic":"65","ranged":"0","prayer":"0"},"offence":{"stab":"0","slash":"0","crush":"0","ranged":"0","magic":"24"},"defence":{"stab":"0","slash":"0","crush":"0","ranged":"0","magic":"24"},"others":{"strength":"0","ranged_strength":"0","magic_damage":"0","prayer":"0"},"hand":null,"ammo_type":null,"ammo_tier":null,"weapon_type":null},"3":{"name":"Adamant chainbody","id":"1111","link":"http://2007.runescape.wikia.com/wiki/Adamant_chainbody","slotname":"chestslot","level":{"attack":"0","strength":"0","defence":"30","hitpoints":"0","magic":"0","ranged":"0","prayer":"0"},"offence":{"stab":"0","slash":"0","crush":"0","ranged":"0","magic":"-15"},"defence":{"stab":"36","slash":"50","crush":"61","ranged":"38","magic":"-3"},"others":{"strength":"0","ranged_strength":"0","magic_damage":"0","prayer":"0"},"hand":null,"ammo_type":null,"ammo_tier":null,"weapon_type":null},"4":{"name":"Adamant platebody","id":"1123","link":"http://2007.runescape.wikia.com/wiki/Adamant_platebody","slotname":"chestslot","level":{"attack":"0","strength":"0","defence":"30","hitpoints":"0","magic":"0","ranged":"0","prayer":"0"},"offence":{"stab":"0","slash":"0","crush":"0","ranged":"-10","magic":"-30"},"defence":{"stab":"65","slash":"63","crush":"55","ranged":"63","magic":"-6"},"others":{"strength":"0","ranged_strength":"0","magic_damage":"0","prayer":"0"},"hand":null,"ammo_type":null,"ammo_tier":null,"weapon_type":null},"5":{"name":"Ahrim's robetop","id":"4712","link":"http://2007.runescape.wikia.com/wiki/Ahrim%27s_robetop","slotname":"chestslot","level":{"attack":"0","strength":"0","defence":"70","hitpoints":"0","magic":"70","ranged":"0","prayer":"0"},"offence":{"stab":"0","slash":"0","crush":"0","ranged":"-10","magic":"30"},"defence":{"stab":"52","slash":"37","crush":"63","ranged":"0","magic":"30"},"others":{"strength":"0","ranged_strength":"0","magic_damage":"0","prayer":"0"},"hand":null,"ammo_type":null,"ammo_tier":null,"weapon_type":null},"6":{"name":"Ancestral robe top\r\n","id":"21021","link":"http://2007.runescape.wikia.com/wiki/Ancestral_robe_top","slotname":"chestslot","level":{"attack":"0","strength":"0","defence":"65","hitpoints":"0","magic":"75","ranged":"0","prayer":"0"},"offence":{"stab":"0","slash":"0","crush":"0","ranged":"-8","magic":"35"},"defence":{"stab":"42","slash":"31","crush":"51","ranged":"0","magic":"28"},"others":{"strength":"0","ranged_strength":"0","magic_damage":"2","prayer":"0"},"hand":null,"ammo_type":null,"ammo_tier":null,"weapon_type":null},"7":{"name":"Ancient robe top","id":"12193","link":"http://2007.runescape.wikia.com/wiki/Ancient_robe_top","slotname":"chestslot","level":{"attack":"0","strength":"0","defence":"0","hitpoints":"0","magic":"0","ranged":"0","prayer":"20"},"offence":{"stab":"0","slash":"0","crush":"0","ranged":"0","magic":"4"},"defence":{"stab":"0","slash":"0","crush":"0","ranged":"0","magic":"4"},"others":{"strength":"0","ranged_strength":"0","magic_damage":"0","prayer":"6"},"hand":null,"ammo_type":null,"ammo_tier":null,"weapon_type":null},"8":{"name":"Armadyl chestplate","id":"11828","link":"http://2007.runescape.wikia.com/wiki/Armadyl_chestplate","slotname":"chestslot","level":{"attack":"0","strength":"0","defence":"70","hitpoints":"0","magic":"0","ranged":"70","prayer":"0"},"offence":{"stab":"-7","slash":"-7","crush":"-7","ranged":"33","magic":"-15"},"defence":{"stab":"56","slash":"48","crush":"61","ranged":"57","magic":"70"},"others":{"strength":"0","ranged_strength":"0","magic_damage":"0","prayer":"1"},"hand":null,"ammo_type":null,"ammo_tier":null,"weapon_type":null},"9":{"name":"Bandos chestplate","id":"11832","link":"http://2007.runescape.wikia.com/wiki/Bandos_chestplate","slotname":"chestslot","level":{"attack":"0","strength":"0","defence":"65","hitpoints":"0","magic":"0","ranged":"0","prayer":"0"},"offence":{"stab":"0","slash":"0","crush":"0","ranged":"-10","magic":"-15"},"defence":{"stab":"98","slash":"93","crush":"105","ranged":"133","magic":"-6"},"others":{"strength":"4","ranged_strength":"0","magic_damage":"0","prayer":"1"},"hand":null,"ammo_type":null,"ammo_tier":null,"weapon_type":null},"10":{"name":"Black chainbody","id":"1107","link":"http://2007.runescape.wikia.com/wiki/Black_chainbody","slotname":"chestslot","level":{"attack":"0","strength":"0","defence":"10","hitpoints":"0","magic":"0","ranged":"0","prayer":"0"},"offence":{"stab":"0","slash":"0","crush":"0","ranged":"0","magic":"-15"},"defence":{"stab":"22","slash":"32","crush":"39","ranged":"24","magic":"-3"},"others":{"strength":"0","ranged_strength":"0","magic_damage":"0","prayer":"0"},"hand":null,"ammo_type":null,"ammo_tier":null,"weapon_type":null},"11":{"name":"Black d'hide body","id":"2503","link":"http://2007.runescape.wikia.com/wiki/Black_d%27hide_body","slotname":"chestslot","level":{"attack":"0","strength":"0","defence":"40","hitpoints":"0","magic":"0","ranged":"70","prayer":"0"},"offence":{"stab":"0","slash":"0","crush":"0","ranged":"30","magic":"-15"},"defence":{"stab":"55","slash":"47","crush":"60","ranged":"55","magic":"50"},"others":{"strength":"0","ranged_strength":"0","magic_damage":"0","prayer":"0"},"hand":null,"ammo_type":null,"ammo_tier":null,"weapon_type":null},"12":{"name":"Black platebody","id":"1125","link":"http://2007.runescape.wikia.com/wiki/Black_platebody","slotname":"chestslot","level":{"attack":"0","strength":"0","defence":"10","hitpoints":"0","magic":"0","ranged":"0","prayer":"0"},"offence":{"stab":"0","slash":"0","crush":"0","ranged":"-10","magic":"-30"},"defence":{"stab":"41","slash":"40","crush":"30","ranged":"40","magic":"-6"},"others":{"strength":"0","ranged_strength":"0","magic_damage":"0","prayer":"0"},"hand":null,"ammo_type":null,"ammo_tier":null,"weapon_type":null},"13":{"name":"Blue d'hide body","id":"2499","link":"http://2007.runescape.wikia.com/wiki/Blue_d%27hide_body","slotname":"chestslot","level":{"attack":"0","strength":"0","defence":"40","hitpoints":"0","magic":"0","ranged":"50","prayer":"0"},"offence":{"stab":"0","slash":"0","crush":"0","ranged":"20","magic":"-15"},"defence":{"stab":"45","slash":"37","crush":"50","ranged":"45","magic":"30"},"others":{"strength":"0","ranged_strength":"0","magic_damage":"0","prayer":"0"},"hand":null,"ammo_type":null,"ammo_tier":null,"weapon_type":null},"14":{"name":"Bronze chainbody","id":"1103","link":"http://2007.runescape.wikia.com/wiki/Bronze_chainbody","slotname":"chestslot","level":{"attack":"0","strength":"0","defence":"0","hitpoints":"0","magic":"0","ranged":"0","prayer":"0"},"offence":{"stab":"0","slash":"0","crush":"0","ranged":"0","magic":"-15"},"defence":{"stab":"7","slash":"11","crush":"13","ranged":"9","magic":"-3"},"others":{"strength":"0","ranged_strength":"0","magic_damage":"0","prayer":"0"},"hand":null,"ammo_type":null,"ammo_tier":null,"weapon_type":null},"15":{"name":"Bronze platebody","id":"1117","link":"http://2007.runescape.wikia.com/wiki/Bronze_platebody","slotname":"chestslot","level":{"attack":"0","strength":"0","defence":"0","hitpoints":"0","magic":"0","ranged":"0","prayer":"0"},"offence":{"stab":"0","slash":"0","crush":"0","ranged":"-10","magic":"-30"},"defence":{"stab":"15","slash":"14","crush":"9","ranged":"14","magic":"-6"},"others":{"strength":"0","ranged_strength":"0","magic_damage":"0","prayer":"0"},"hand":null,"ammo_type":null,"ammo_tier":null,"weapon_type":null},"16":{"name":"Dark infinity top","id":"12458","link":"http://2007.runescape.wikia.com/wiki/Dark_infinity_top","slotname":"chestslot","level":{"attack":"0","strength":"0","defence":"25","hitpoints":"0","magic":"50","ranged":"0","prayer":"0"},"offence":{"stab":"0","slash":"0","crush":"0","ranged":"0","magic":"22"},"defence":{"stab":"0","slash":"0","crush":"0","ranged":"0","magic":"22"},"others":{"strength":"0","ranged_strength":"0","magic_damage":"0","prayer":"0"},"hand":null,"ammo_type":null,"ammo_tier":null,"weapon_type":null},"17":{"name":"Decorative magic robe top","id":"15648","link":"http://2007.runescape.wikia.com/wiki/Decorative_magic_robe_legs","slotname":"chestslot","level":{"attack":"0","strength":"0","defence":"0","hitpoints":"0","magic":"20","ranged":"0","prayer":"0"},"offence":{"stab":"0","slash":"0","crush":"0","ranged":"0","magic":"0"},"defence":{"stab":"20","slash":"20","crush":"20","ranged":"20","magic":"20"},"others":{"strength":"0","ranged_strength":"0","magic_damage":"0","prayer":"0"},"hand":null,"ammo_type":null,"ammo_tier":null,"weapon_type":null},"18":{"name":"Decorative range top","id":"15651","link":"http://2007.runescape.wikia.com/wiki/Decorative_range_top","slotname":"chestslot","level":{"attack":"0","strength":"0","defence":"0","hitpoints":"0","magic":"0","ranged":"30","prayer":"0"},"offence":{"stab":"0","slash":"0","crush":"0","ranged":"0","magic":"0"},"defence":{"stab":"20","slash":"20","crush":"20","ranged":"20","magic":"20"},"others":{"strength":"0","ranged_strength":"0","magic_damage":"0","prayer":"0"},"hand":null,"ammo_type":null,"ammo_tier":null,"weapon_type":null},"19":{"name":"Dharok's platebody","id":"4720","link":"http://2007.runescape.wikia.com/wiki/Dharok%27s_platebody","slotname":"chestslot","level":{"attack":"0","strength":"0","defence":"70","hitpoints":"0","magic":"0","ranged":"0","prayer":"0"},"offence":{"stab":"0","slash":"0","crush":"0","ranged":"-10","magic":"-30"},"defence":{"stab":"122","slash":"120","crush":"107","ranged":"132","magic":"-6"},"others":{"strength":"0","ranged_strength":"0","magic_damage":"0","prayer":"0"},"hand":null,"ammo_type":null,"ammo_tier":null,"weapon_type":null},"20":{"name":"Dragon chainbody","id":"3140","link":"http://2007.runescape.wikia.com/wiki/Dragon_chainbody","slotname":"chestslot","level":{"attack":"0","strength":"0","defence":"60","hitpoints":"0","magic":"0","ranged":"0","prayer":"0"},"offence":{"stab":"0","slash":"0","crush":"0","ranged":"0","magic":"-15"},"defence":{"stab":"81","slash":"93","crush":"98","ranged":"82","magic":"-3"},"others":{"strength":"0","ranged_strength":"0","magic_damage":"0","prayer":"0"},"hand":null,"ammo_type":null,"ammo_tier":null,"weapon_type":null},"21":{"name":"Dragon platebody","id":"21892","link":"http://oldschoolrunescape.wikia.com/wiki/Dragon_platebody","slotname":"chestslot","level":{"attack":"0","strength":"0","defence":"60","hitpoints":"0","magic":"0","ranged":"0","prayer":"0"},"offence":{"stab":"0","slash":"0","crush":"0","ranged":"-10","magic":"-30"},"defence":{"stab":"109","slash":"107","crush":"97","ranged":"106","magic":"-6"},"others":{"strength":"0","ranged_strength":"0","magic_damage":"0","prayer":"0"},"hand":null,"ammo_type":null,"ammo_tier":null,"weapon_type":null},"22":{"name":"Elder chaos top","id":"20517","link":"http://2007.runescape.wikia.com/wiki/Elder_chaos_robe","slotname":"chestslot","level":{"attack":"0","strength":"0","defence":"0","hitpoints":"0","magic":"40","ranged":"0","prayer":"0"},"offence":{"stab":"0","slash":"0","crush":"0","ranged":"0","magic":"10"},"defence":{"stab":"0","slash":"0","crush":"0","ranged":"0","magic":"8"},"others":{"strength":"0","ranged_strength":"0","magic_damage":"0","prayer":"0"},"hand":null,"ammo_type":null,"ammo_tier":null,"weapon_type":null},"23":{"name":"Enchanted top","id":"7399","link":"http://2007.runescape.wikia.com/wiki/Enchanted_top","slotname":"chestslot","level":{"attack":"0","strength":"0","defence":"20","hitpoints":"0","magic":"40","ranged":"0","prayer":"0"},"offence":{"stab":"0","slash":"0","crush":"0","ranged":"0","magic":"20"},"defence":{"stab":"0","slash":"0","crush":"0","ranged":"0","magic":"20"},"others":{"strength":"0","ranged_strength":"0","magic_damage":"0","prayer":"0"},"hand":null,"ammo_type":null,"ammo_tier":null,"weapon_type":null},"24":{"name":"Fighter torso","id":"10551","link":"http://2007.runescape.wikia.com/wiki/Fighter_torso","slotname":"chestslot","level":{"attack":"0","strength":"0","defence":"40","hitpoints":"0","magic":"0","ranged":"0","prayer":"0"},"offence":{"stab":"0","slash":"0","crush":"0","ranged":"0","magic":"-40"},"defence":{"stab":"62","slash":"85","crush":"62","ranged":"67","magic":"-10"},"others":{"strength":"4","ranged_strength":"0","magic_damage":"0","prayer":"0"},"hand":null,"ammo_type":null,"ammo_tier":null,"weapon_type":null},"25":{"name":"Frog-leather body","id":"10954","link":"http://2007.runescape.wikia.com/wiki/Frog-leather_body","slotname":"chestslot","level":{"attack":"0","strength":"0","defence":"25","hitpoints":"0","magic":"0","ranged":"25","prayer":"0"},"offence":{"stab":"0","slash":"0","crush":"0","ranged":"10","magic":"-5"},"defence":{"stab":"23","slash":"26","crush":"30","ranged":"32","magic":"15"},"others":{"strength":"0","ranged_strength":"0","magic_damage":"0","prayer":"0"},"hand":null,"ammo_type":null,"ammo_tier":null,"weapon_type":null},"26":{"name":"Gold decorative body","id":"15635","link":"http://2007.runescape.wikia.com/wiki/Gold_decorative_body","slotname":"chestslot","level":{"attack":"0","strength":"0","defence":"30","hitpoints":"0","magic":"0","ranged":"0","prayer":"0"},"offence":{"stab":"0","slash":"0","crush":"0","ranged":"-10","magic":"-30"},"defence":{"stab":"65","slash":"63","crush":"55","ranged":"63","magic":"-6"},"others":{"strength":"0","ranged_strength":"0","magic_damage":"0","prayer":"0"},"hand":null,"ammo_type":null,"ammo_tier":null,"weapon_type":null},"27":{"name":"Granite body","id":"10564","link":"http://2007.runescape.wikia.com/wiki/Granite_body","slotname":"chestslot","level":{"attack":"0","strength":"50","defence":"50","hitpoints":"0","magic":"0","ranged":"0","prayer":"0"},"offence":{"stab":"0","slash":"0","crush":"0","ranged":"-5","magic":"-22"},"defence":{"stab":"87","slash":"84","crush":"79","ranged":"97","magic":"-6"},"others":{"strength":"0","ranged_strength":"0","magic_damage":"0","prayer":"0"},"hand":null,"ammo_type":null,"ammo_tier":null,"weapon_type":null},"28":{"name":"Green d'hide body","id":"1135","link":"http://2007.runescape.wikia.com/wiki/Green_d%27hide_body","slotname":"chestslot","level":{"attack":"0","strength":"0","defence":"40","hitpoints":"0","magic":"0","ranged":"40","prayer":"0"},"offence":{"stab":"0","slash":"0","crush":"0","ranged":"15","magic":"-15"},"defence":{"stab":"40","slash":"32","crush":"45","ranged":"40","magic":"20"},"others":{"strength":"0","ranged_strength":"0","magic_damage":"0","prayer":"0"},"hand":null,"ammo_type":null,"ammo_tier":null,"weapon_type":null},"29":{"name":"Guthan's platebody","id":"4728","link":"http://2007.runescape.wikia.com/wiki/Guthan%27s_platebody","slotname":"chestslot","level":{"attack":"0","strength":"0","defence":"70","hitpoints":"0","magic":"0","ranged":"0","prayer":"0"},"offence":{"stab":"0","slash":"0","crush":"0","ranged":"-10","magic":"-30"},"defence":{"stab":"122","slash":"120","crush":"107","ranged":"132","magic":"-6"},"others":{"strength":"0","ranged_strength":"0","magic_damage":"0","prayer":"0"},"hand":null,"ammo_type":null,"ammo_tier":null,"weapon_type":null},"30":{"name":"Hardleather body","id":"1131","link":"http://2007.runescape.wikia.com/wiki/Hardleather_body","slotname":"chestslot","level":{"attack":"0","strength":"0","defence":"10","hitpoints":"0","magic":"0","ranged":"0","prayer":"0"},"offence":{"stab":"0","slash":"0","crush":"0","ranged":"8","magic":"-4"},"defence":{"stab":"12","slash":"15","crush":"18","ranged":"15","magic":"6"},"others":{"strength":"0","ranged_strength":"0","magic_damage":"0","prayer":"0"},"hand":null,"ammo_type":null,"ammo_tier":null,"weapon_type":null},"31":{"name":"Infinity top","id":"10605","link":"http://2007.runescape.wikia.com/wiki/Infinity_top","slotname":"chestslot","level":{"attack":"0","strength":"0","defence":"25","hitpoints":"0","magic":"50","ranged":"0","prayer":"0"},"offence":{"stab":"0","slash":"0","crush":"0","ranged":"0","magic":"22"},"defence":{"stab":"0","slash":"0","crush":"0","ranged":"0","magic":"22"},"others":{"strength":"0","ranged_strength":"0","magic_damage":"0","prayer":"0"},"hand":null,"ammo_type":null,"ammo_tier":null,"weapon_type":null},"32":{"name":"Initiate hauberk","id":"10619","link":"http://2007.runescape.wikia.com/wiki/Initiate_hauberk","slotname":"chestslot","level":{"attack":"0","strength":"0","defence":"20","hitpoints":"0","magic":"0","ranged":"0","prayer":"10"},"offence":{"stab":"0","slash":"0","crush":"0","ranged":"-10","magic":"-30"},"defence":{"stab":"46","slash":"44","crush":"38","ranged":"44","magic":"-6"},"others":{"strength":"0","ranged_strength":"0","magic_damage":"0","prayer":"6"},"hand":null,"ammo_type":null,"ammo_tier":null,"weapon_type":null},"33":{"name":"Iron chainbody","id":"1101","link":"http://2007.runescape.wikia.com/wiki/Iron_chainbody","slotname":"chestslot","level":{"attack":"0","strength":"0","defence":"0","hitpoints":"0","magic":"0","ranged":"0","prayer":"0"},"offence":{"stab":"0","slash":"0","crush":"0","ranged":"0","magic":"-15"},"defence":{"stab":"10","slash":"15","crush":"19","ranged":"12","magic":"-3"},"others":{"strength":"0","ranged_strength":"0","magic_damage":"0","prayer":"0"},"hand":null,"ammo_type":null,"ammo_tier":null,"weapon_type":null},"34":{"name":"Iron platebody","id":"1115","link":"http://2007.runescape.wikia.com/wiki/Iron_platebody","slotname":"chestslot","level":{"attack":"0","strength":"0","defence":"0","hitpoints":"0","magic":"0","ranged":"0","prayer":"0"},"offence":{"stab":"0","slash":"0","crush":"0","ranged":"-10","magic":"-30"},"defence":{"stab":"21","slash":"20","crush":"12","ranged":"20","magic":"-6"},"others":{"strength":"0","ranged_strength":"0","magic_damage":"0","prayer":"0"},"hand":null,"ammo_type":null,"ammo_tier":null,"weapon_type":null},"35":{"name":"Karil's leathertop","id":"4736","link":"http://2007.runescape.wikia.com/wiki/Karil%27s_leathertop","slotname":"chestslot","level":{"attack":"0","strength":"0","defence":"70","hitpoints":"0","magic":"0","ranged":"70","prayer":"0"},"offence":{"stab":"0","slash":"0","crush":"0","ranged":"30","magic":"-15"},"defence":{"stab":"47","slash":"42","crush":"50","ranged":"57","magic":"65"},"others":{"strength":"0","ranged_strength":"0","magic_damage":"0","prayer":"0"},"hand":null,"ammo_type":null,"ammo_tier":null,"weapon_type":null},"36":{"name":"Leather body","id":"1129","link":"http://2007.runescape.wikia.com/wiki/Leather_body","slotname":"chestslot","level":{"attack":"0","strength":"0","defence":"0","hitpoints":"0","magic":"0","ranged":"0","prayer":"0"},"offence":{"stab":"0","slash":"0","crush":"0","ranged":"2","magic":"-2"},"defence":{"stab":"8","slash":"9","crush":"10","ranged":"9","magic":"4"},"others":{"strength":"0","ranged_strength":"0","magic_damage":"0","prayer":"0"},"hand":null,"ammo_type":null,"ammo_tier":null,"weapon_type":null},"37":{"name":"Lunar torso","id":"9097","link":"http://2007.runescape.wikia.com/wiki/Lunar_torso","slotname":"chestslot","level":{"attack":"0","strength":"0","defence":"40","hitpoints":"0","magic":"65","ranged":"0","prayer":"0"},"offence":{"stab":"0","slash":"0","crush":"0","ranged":"-10","magic":"10"},"defence":{"stab":"34","slash":"22","crush":"40","ranged":"0","magic":"12"},"others":{"strength":"0","ranged_strength":"0","magic_damage":"0","prayer":"0"},"hand":null,"ammo_type":null,"ammo_tier":null,"weapon_type":null},"38":{"name":"Mithril chainbody","id":"1109","link":"http://2007.runescape.wikia.com/wiki/Mithril_chainbody","slotname":"chestslot","level":{"attack":"0","strength":"0","defence":"20","hitpoints":"0","magic":"0","ranged":"0","prayer":"0"},"offence":{"stab":"0","slash":"0","crush":"0","ranged":"0","magic":"-15"},"defence":{"stab":"25","slash":"35","crush":"42","ranged":"19","magic":"-3"},"others":{"strength":"0","ranged_strength":"0","magic_damage":"0","prayer":"0"},"hand":null,"ammo_type":null,"ammo_tier":null,"weapon_type":null},"39":{"name":"Mithril platebody","id":"1121","link":"http://2007.runescape.wikia.com/wiki/Mithril_platebody","slotname":"chestslot","level":{"attack":"0","strength":"0","defence":"20","hitpoints":"0","magic":"0","ranged":"0","prayer":"0"},"offence":{"stab":"0","slash":"0","crush":"0","ranged":"-10","magic":"-30"},"defence":{"stab":"46","slash":"44","crush":"38","ranged":"44","magic":"-6"},"others":{"strength":"0","ranged_strength":"0","magic_damage":"0","prayer":"0"},"hand":null,"ammo_type":null,"ammo_tier":null,"weapon_type":null},"40":{"name":"Monk's robe (top)","id":"544","link":"http://2007.runescape.wikia.com/wiki/Monk%27s_robe_(top)","slotname":"chestslot","level":{"attack":"0","strength":"0","defence":"0","hitpoints":"0","magic":"0","ranged":"0","prayer":"0"},"offence":{"stab":"0","slash":"0","crush":"0","ranged":"0","magic":"0"},"defence":{"stab":"0","slash":"0","crush":"0","ranged":"0","magic":"0"},"others":{"strength":"0","ranged_strength":"0","magic_damage":"0","prayer":"6"},"hand":null,"ammo_type":null,"ammo_tier":null,"weapon_type":null},"41":{"name":"Mystic robe top","id":"4091","link":"http://2007.runescape.wikia.com/wiki/Mystic_robe_top","slotname":"chestslot","level":{"attack":"0","strength":"0","defence":"20","hitpoints":"0","magic":"40","ranged":"0","prayer":"0"},"offence":{"stab":"0","slash":"0","crush":"0","ranged":"0","magic":"20"},"defence":{"stab":"0","slash":"0","crush":"0","ranged":"0","magic":"20"},"others":{"strength":"0","ranged_strength":"0","magic_damage":"0","prayer":"0"},"hand":null,"ammo_type":null,"ammo_tier":null,"weapon_type":null},"42":{"name":"Obsidian Platebody","id":"21301","link":"http://2007.runescape.wikia.com/wiki/Obsidian_platebody","slotname":"chestslot","level":{"attack":"0","strength":"0","defence":"60","hitpoints":"0","magic":"0","ranged":"0","prayer":"0"},"offence":{"stab":"0","slash":"0","crush":"0","ranged":"0","magic":"0"},"defence":{"stab":"55","slash":"78","crush":"56","ranged":"60","magic":"-15"},"others":{"strength":"3","ranged_strength":"0","magic_damage":"0","prayer":"0"},"hand":null,"ammo_type":null,"ammo_tier":null,"weapon_type":null},"43":{"name":"Proselyte hauberk","id":"9674","link":"http://2007.runescape.wikia.com/wiki/Proselyte_hauberk","slotname":"chestslot","level":{"attack":"0","strength":"0","defence":"30","hitpoints":"0","magic":"0","ranged":"0","prayer":"20"},"offence":{"stab":"0","slash":"0","crush":"0","ranged":"-10","magic":"-30"},"defence":{"stab":"65","slash":"63","crush":"55","ranged":"63","magic":"-6"},"others":{"strength":"0","ranged_strength":"0","magic_damage":"0","prayer":"8"},"hand":null,"ammo_type":null,"ammo_tier":null,"weapon_type":null},"44":{"name":"Rangers' tunic","id":"12596","link":"http://2007.runescape.wikia.com/wiki/Rangers%27_tunic","slotname":"chestslot","level":{"attack":"0","strength":"0","defence":"0","hitpoints":"0","magic":"0","ranged":"40","prayer":"0"},"offence":{"stab":"0","slash":"0","crush":"0","ranged":"15","magic":"-15"},"defence":{"stab":"6","slash":"9","crush":"12","ranged":"6","magic":"6"},"others":{"strength":"0","ranged_strength":"0","magic_damage":"0","prayer":"0"},"hand":null,"ammo_type":null,"ammo_tier":null,"weapon_type":null},"45":{"name":"Red d'hide body","id":"2501","link":"http://2007.runescape.wikia.com/wiki/Red_d%27hide_body","slotname":"chestslot","level":{"attack":"0","strength":"0","defence":"40","hitpoints":"0","magic":"0","ranged":"60","prayer":"0"},"offence":{"stab":"0","slash":"0","crush":"0","ranged":"25","magic":"-15"},"defence":{"stab":"50","slash":"42","crush":"55","ranged":"50","magic":"40"},"others":{"strength":"0","ranged_strength":"0","magic_damage":"0","prayer":"0"},"hand":null,"ammo_type":null,"ammo_tier":null,"weapon_type":null},"46":{"name":"Red decorative body","id":"15625","link":"http://2007.runescape.wikia.com/wiki/Red_decorative_body","slotname":"chestslot","level":{"attack":"0","strength":"0","defence":"5","hitpoints":"0","magic":"0","ranged":"0","prayer":"0"},"offence":{"stab":"0","slash":"0","crush":"0","ranged":"-10","magic":"-30"},"defence":{"stab":"32","slash":"31","crush":"24","ranged":"31","magic":"-6"},"others":{"strength":"0","ranged_strength":"0","magic_damage":"0","prayer":"0"},"hand":null,"ammo_type":null,"ammo_tier":null,"weapon_type":null},"47":{"name":"Rock-shell plate","id":"6129","link":"http://2007.runescape.wikia.com/wiki/Rock-shell_plate","slotname":"chestslot","level":{"attack":"0","strength":"0","defence":"40","hitpoints":"0","magic":"0","ranged":"0","prayer":"0"},"offence":{"stab":"0","slash":"0","crush":"0","ranged":"-10","magic":"-30"},"defence":{"stab":"82","slash":"80","crush":"72","ranged":"80","magic":"-6"},"others":{"strength":"0","ranged_strength":"0","magic_damage":"0","prayer":"0"},"hand":null,"ammo_type":null,"ammo_tier":null,"weapon_type":null},"48":{"name":"Rogue top","id":"18426","link":"http://2007.runescape.wikia.com/wiki/Rogue_body","slotname":"chestslot","level":{"attack":"0","strength":"0","defence":"0","hitpoints":"0","magic":"0","ranged":"0","prayer":"0"},"offence":{"stab":"0","slash":"0","crush":"0","ranged":"0","magic":"0"},"defence":{"stab":"10","slash":"10","crush":"10","ranged":"10","magic":"10"},"others":{"strength":"0","ranged_strength":"0","magic_damage":"0","prayer":"0"},"hand":null,"ammo_type":null,"ammo_tier":null,"weapon_type":null},"49":{"name":"Rune chainbody","id":"1113","link":"http://2007.runescape.wikia.com/wiki/Rune_chainbody","slotname":"chestslot","level":{"attack":"0","strength":"0","defence":"40","hitpoints":"0","magic":"0","ranged":"0","prayer":"0"},"offence":{"stab":"0","slash":"0","crush":"0","ranged":"0","magic":"-15"},"defence":{"stab":"63","slash":"72","crush":"78","ranged":"65","magic":"-3"},"others":{"strength":"0","ranged_strength":"0","magic_damage":"0","prayer":"0"},"hand":null,"ammo_type":null,"ammo_tier":null,"weapon_type":null},"50":{"name":"Rune platebody","id":"1127","link":"http://2007.runescape.wikia.com/wiki/Rune_platebody","slotname":"chestslot","level":{"attack":"0","strength":"0","defence":"40","hitpoints":"0","magic":"0","ranged":"0","prayer":"0"},"offence":{"stab":"0","slash":"0","crush":"0","ranged":"-10","magic":"-30"},"defence":{"stab":"82","slash":"80","crush":"72","ranged":"80","magic":"-6"},"others":{"strength":"0","ranged_strength":"0","magic_damage":"0","prayer":"0"},"hand":null,"ammo_type":null,"ammo_tier":null,"weapon_type":null},"51":{"name":"Skeletal top","id":"6139","link":"http://2007.runescape.wikia.com/wiki/Skeletal_top","slotname":"chestslot","level":{"attack":"0","strength":"0","defence":"40","hitpoints":"0","magic":"40","ranged":"0","prayer":"0"},"offence":{"stab":"0","slash":"0","crush":"0","ranged":"-10","magic":"8"},"defence":{"stab":"35","slash":"25","crush":"42","ranged":"0","magic":"15"},"others":{"strength":"0","ranged_strength":"0","magic_damage":"0","prayer":"0"},"hand":null,"ammo_type":null,"ammo_tier":null,"weapon_type":null},"52":{"name":"Snakeskin body","id":"6322","link":"http://2007.runescape.wikia.com/wiki/Snakeskin_body","slotname":"chestslot","level":{"attack":"0","strength":"0","defence":"30","hitpoints":"0","magic":"0","ranged":"30","prayer":"0"},"offence":{"stab":"0","slash":"0","crush":"0","ranged":"12","magic":"-5"},"defence":{"stab":"25","slash":"28","crush":"32","ranged":"35","magic":"15"},"others":{"strength":"0","ranged_strength":"0","magic_damage":"0","prayer":"0"},"hand":null,"ammo_type":null,"ammo_tier":null,"weapon_type":null},"53":{"name":"Spined body","id":"6133","link":"http://2007.runescape.wikia.com/wiki/Spined_body","slotname":"chestslot","level":{"attack":"0","strength":"0","defence":"40","hitpoints":"0","magic":"0","ranged":"40","prayer":"0"},"offence":{"stab":"0","slash":"0","crush":"0","ranged":"15","magic":"-15"},"defence":{"stab":"40","slash":"32","crush":"45","ranged":"40","magic":"20"},"others":{"strength":"0","ranged_strength":"0","magic_damage":"0","prayer":"0"},"hand":null,"ammo_type":null,"ammo_tier":null,"weapon_type":null},"54":{"name":"Splitbark body","id":"3387","link":"http://2007.runescape.wikia.com/wiki/Splitbark_body","slotname":"chestslot","level":{"attack":"0","strength":"0","defence":"40","hitpoints":"0","magic":"40","ranged":"0","prayer":"0"},"offence":{"stab":"0","slash":"0","crush":"0","ranged":"-10","magic":"10"},"defence":{"stab":"36","slash":"26","crush":"42","ranged":"0","magic":"15"},"others":{"strength":"0","ranged_strength":"0","magic_damage":"0","prayer":"0"},"hand":null,"ammo_type":null,"ammo_tier":null,"weapon_type":null},"55":{"name":"Steel chainbody","id":"1105","link":"http://2007.runescape.wikia.com/wiki/Steel_chainbody","slotname":"chestslot","level":{"attack":"0","strength":"0","defence":"5","hitpoints":"0","magic":"0","ranged":"0","prayer":"0"},"offence":{"stab":"0","slash":"0","crush":"0","ranged":"0","magic":"-15"},"defence":{"stab":"17","slash":"25","crush":"30","ranged":"19","magic":"-3"},"others":{"strength":"0","ranged_strength":"0","magic_damage":"0","prayer":"0"},"hand":null,"ammo_type":null,"ammo_tier":null,"weapon_type":null},"56":{"name":"Steel platebody","id":"1119","link":"http://2007.runescape.wikia.com/wiki/Steel_platebody","slotname":"chestslot","level":{"attack":"0","strength":"0","defence":"5","hitpoints":"0","magic":"0","ranged":"0","prayer":"0"},"offence":{"stab":"0","slash":"0","crush":"0","ranged":"-10","magic":"-30"},"defence":{"stab":"32","slash":"31","crush":"24","ranged":"31","magic":"-6"},"others":{"strength":"0","ranged_strength":"0","magic_damage":"0","prayer":"0"},"hand":null,"ammo_type":null,"ammo_tier":null,"weapon_type":null},"57":{"name":"Studded body","id":"1133","link":"http://2007.runescape.wikia.com/wiki/Studded_body","slotname":"chestslot","level":{"attack":"0","strength":"0","defence":"20","hitpoints":"0","magic":"0","ranged":"20","prayer":"0"},"offence":{"stab":"0","slash":"0","crush":"0","ranged":"8","magic":"-4"},"defence":{"stab":"18","slash":"25","crush":"22","ranged":"25","magic":"8"},"others":{"strength":"0","ranged_strength":"0","magic_damage":"0","prayer":"0"},"hand":null,"ammo_type":null,"ammo_tier":null,"weapon_type":null},"58":{"name":"Torag's platebody","id":"4749","link":"http://2007.runescape.wikia.com/wiki/Torag%27s_platebody","slotname":"chestslot","level":{"attack":"0","strength":"0","defence":"70","hitpoints":"0","magic":"0","ranged":"0","prayer":"0"},"offence":{"stab":"0","slash":"0","crush":"0","ranged":"-10","magic":"-30"},"defence":{"stab":"122","slash":"120","crush":"107","ranged":"132","magic":"-6"},"others":{"strength":"0","ranged_strength":"0","magic_damage":"0","prayer":"0"},"hand":null,"ammo_type":null,"ammo_tier":null,"weapon_type":null},"59":{"name":"Varrock armour 1","id":"13104","link":"http://2007.runescape.wikia.com/wiki/Varrock_armour_1","slotname":"chestslot","level":{"attack":"0","strength":"0","defence":"0","hitpoints":"0","magic":"0","ranged":"0","prayer":"0"},"offence":{"stab":"0","slash":"0","crush":"0","ranged":"-10","magic":"-30"},"defence":{"stab":"32","slash":"31","crush":"24","ranged":"31","magic":"-6"},"others":{"strength":"0","ranged_strength":"0","magic_damage":"0","prayer":"0"},"hand":null,"ammo_type":null,"ammo_tier":null,"weapon_type":null},"60":{"name":"Varrock armour 2","id":"13105","link":"http://2007.runescape.wikia.com/wiki/Varrock_armour_2","slotname":"chestslot","level":{"attack":"0","strength":"0","defence":"0","hitpoints":"0","magic":"49","ranged":"0","prayer":"0"},"offence":{"stab":"0","slash":"0","crush":"0","ranged":"-10","magic":"-30"},"defence":{"stab":"41","slash":"40","crush":"30","ranged":"40","magic":"-6"},"others":{"strength":"0","ranged_strength":"0","magic_damage":"0","prayer":"0"},"hand":null,"ammo_type":null,"ammo_tier":null,"weapon_type":null},"61":{"name":"Varrock armour 3","id":"13106","link":"http://2007.runescape.wikia.com/wiki/Varrock_armour_3","slotname":"chestslot","level":{"attack":"0","strength":"0","defence":"0","hitpoints":"0","magic":"54","ranged":"0","prayer":"52"},"offence":{"stab":"0","slash":"0","crush":"0","ranged":"-10","magic":"-30"},"defence":{"stab":"46","slash":"44","crush":"38","ranged":"44","magic":"-6"},"others":{"strength":"0","ranged_strength":"0","magic_damage":"0","prayer":"0"},"hand":null,"ammo_type":null,"ammo_tier":null,"weapon_type":null},"62":{"name":"Varrock armour 4","id":"13107","link":"http://2007.runescape.wikia.com/wiki/Varrock_armour_4","slotname":"chestslot","level":{"attack":"0","strength":"0","defence":"0","hitpoints":"0","magic":"86","ranged":"0","prayer":"52"},"offence":{"stab":"0","slash":"0","crush":"0","ranged":"-10","magic":"-30"},"defence":{"stab":"65","slash":"63","crush":"55","ranged":"63","magic":"-6"},"others":{"strength":"0","ranged_strength":"0","magic_damage":"0","prayer":"0"},"hand":null,"ammo_type":null,"ammo_tier":null,"weapon_type":null},"63":{"name":"Verac's brassard","id":"4757","link":"http://2007.runescape.wikia.com/wiki/Verac%27s_brassard","slotname":"chestslot","level":{"attack":"0","strength":"0","defence":"70","hitpoints":"0","magic":"0","ranged":"0","prayer":"0"},"offence":{"stab":"0","slash":"0","crush":"0","ranged":"-2","magic":"-6"},"defence":{"stab":"81","slash":"95","crush":"85","ranged":"81","magic":"0"},"others":{"strength":"0","ranged_strength":"0","magic_damage":"0","prayer":"5"},"hand":null,"ammo_type":null,"ammo_tier":null,"weapon_type":null},"64":{"name":"Void knight top","id":"10611","link":"http://oldschoolrunescape.wikia.com/wiki/Void_knight_top","slotname":"chestslot","level":{"attack":"42","strength":"42","defence":"42","hitpoints":"42","magic":"42","ranged":"42","prayer":"22"},"offence":{"stab":"0","slash":"0","crush":"0","ranged":"0","magic":"0"},"defence":{"stab":"45","slash":"45","crush":"45","ranged":"45","magic":"45"},"others":{"strength":"0","ranged_strength":"0","magic_damage":"0","prayer":"0"},"hand":null,"ammo_type":null,"ammo_tier":null,"weapon_type":null},"65":{"name":"Void Knight Top (elite)","id":"13072","link":"http://oldschoolrunescape.wikia.com/wiki/Elite_void_top","slotname":"chestslot","level":{"attack":"42","strength":"42","defence":"42","hitpoints":"42","magic":"42","ranged":"42","prayer":"22"},"offence":{"stab":"0","slash":"0","crush":"0","ranged":"0","magic":"0"},"defence":{"stab":"45","slash":"45","crush":"45","ranged":"45","magic":"45"},"others":{"strength":"0","ranged_strength":"0","magic_damage":"0","prayer":"3"},"hand":null,"ammo_type":null,"ammo_tier":null,"weapon_type":null},"66":{"name":"White chainbody","id":"6615","link":"http://2007.runescape.wikia.com/wiki/White_chainbody","slotname":"chestslot","level":{"attack":"0","strength":"0","defence":"10","hitpoints":"0","magic":"0","ranged":"0","prayer":"0"},"offence":{"stab":"0","slash":"0","crush":"0","ranged":"0","magic":"-15"},"defence":{"stab":"22","slash":"32","crush":"39","ranged":"24","magic":"-3"},"others":{"strength":"0","ranged_strength":"0","magic_damage":"0","prayer":"1"},"hand":null,"ammo_type":null,"ammo_tier":null,"weapon_type":null},"67":{"name":"White decorative body","id":"15630","link":"http://2007.runescape.wikia.com/wiki/White_decorative_body","slotname":"chestslot","level":{"attack":"0","strength":"0","defence":"20","hitpoints":"0","magic":"0","ranged":"0","prayer":"0"},"offence":{"stab":"0","slash":"0","crush":"0","ranged":"-10","magic":"-30"},"defence":{"stab":"46","slash":"44","crush":"38","ranged":"44","magic":"-6"},"others":{"strength":"0","ranged_strength":"0","magic_damage":"0","prayer":"0"},"hand":null,"ammo_type":null,"ammo_tier":null,"weapon_type":null},"68":{"name":"White platebody","id":"6617","link":"http://2007.runescape.wikia.com/wiki/White_platebody","slotname":"chestslot","level":{"attack":"0","strength":"0","defence":"10","hitpoints":"0","magic":"0","ranged":"0","prayer":"0"},"offence":{"stab":"0","slash":"0","crush":"0","ranged":"-10","magic":"-30"},"defence":{"stab":"41","slash":"40","crush":"30","ranged":"40","magic":"-6"},"others":{"strength":"0","ranged_strength":"0","magic_damage":"0","prayer":"1"},"hand":null,"ammo_type":null,"ammo_tier":null,"weapon_type":null},"69":{"name":"Wizard robe (blue)","id":"577","link":"http://2007.runescape.wikia.com/wiki/Wizard_robe_(blue)","slotname":"chestslot","level":{"attack":"0","strength":"0","defence":"0","hitpoints":"0","magic":"0","ranged":"0","prayer":"0"},"offence":{"stab":"0","slash":"0","crush":"0","ranged":"0","magic":"3"},"defence":{"stab":"0","slash":"0","crush":"0","ranged":"0","magic":"3"},"others":{"strength":"0","ranged_strength":"0","magic_damage":"0","prayer":"0"},"hand":null,"ammo_type":null,"ammo_tier":null,"weapon_type":null},"70":{"name":"Xerician top","id":"13387","link":"http://2007.runescape.wikia.com/wiki/Xerician_top","slotname":"chestslot","level":{"attack":"0","strength":"0","defence":"10","hitpoints":"0","magic":"20","ranged":"0","prayer":"0"},"offence":{"stab":"0","slash":"0","crush":"0","ranged":"0","magic":"12"},"defence":{"stab":"0","slash":"0","crush":"0","ranged":"0","magic":"10"},"others":{"strength":"0","ranged_strength":"0","magic_damage":"0","prayer":"0"},"hand":null,"ammo_type":null,"ammo_tier":null,"weapon_type":null},"71":{"name":"Zamorak robe (top)","id":"1033","link":"http://2007.runescape.wikia.com/wiki/Zamorak_robe_(top)","slotname":"chestslot","level":{"attack":"0","strength":"0","defence":"0","hitpoints":"0","magic":"0","ranged":"0","prayer":"0"},"offence":{"stab":"0","slash":"0","crush":"0","ranged":"0","magic":"2"},"defence":{"stab":"0","slash":"0","crush":"0","ranged":"0","magic":"3"},"others":{"strength":"0","ranged_strength":"0","magic_damage":"0","prayer":"3"},"hand":null,"ammo_type":null,"ammo_tier":null,"weapon_type":null}}