{"0":{"name":"3rd age vambraces","id":"10336","link":"http://2007.runescape.wikia.com/wiki/3rd_age_vambraces","slotname":"glovesslot","level":{"attack":"0","strength":"0","defence":"45","hitpoints":"0","magic":"0","ranged":"65","prayer":"0"},"offence":{"stab":"0","slash":"0","crush":"0","ranged":"11","magic":"-10"},"defence":{"stab":"6","slash":"5","crush":"7","ranged":"0","magic":"9"},"others":{"strength":"0","ranged_strength":"0","magic_damage":"0","prayer":"0"},"hand":null,"ammo_type":null,"ammo_tier":null,"weapon_type":null},"1":{"name":"Adamant gloves","id":"14366","link":"http://2007.runescape.wikia.com/wiki/Adamant_gloves","slotname":"glovesslot","level":{"attack":"0","strength":"0","defence":"13","hitpoints":"0","magic":"0","ranged":"0","prayer":"0"},"offence":{"stab":"7","slash":"7","crush":"7","ranged":"7","magic":"4"},"defence":{"stab":"7","slash":"7","crush":"7","ranged":"7","magic":"4"},"others":{"strength":"7","ranged_strength":"0","magic_damage":"0","prayer":"0"},"hand":null,"ammo_type":null,"ammo_tier":null,"weapon_type":null},"2":{"name":"Barrows gloves","id":"14369","link":"http://2007.runescape.wikia.com/wiki/Barrows_gloves","slotname":"glovesslot","level":{"attack":"0","strength":"0","defence":"41","hitpoints":"0","magic":"0","ranged":"0","prayer":"0"},"offence":{"stab":"12","slash":"12","crush":"12","ranged":"12","magic":"6"},"defence":{"stab":"12","slash":"12","crush":"12","ranged":"12","magic":"6"},"others":{"strength":"12","ranged_strength":"0","magic_damage":"0","prayer":"0"},"hand":null,"ammo_type":null,"ammo_tier":null,"weapon_type":null},"3":{"name":"Black d'hide vamb","id":"2491","link":"http://2007.runescape.wikia.com/wiki/Black_d%27hide_vamb","slotname":"glovesslot","level":{"attack":"0","strength":"0","defence":"0","hitpoints":"0","magic":"0","ranged":"70","prayer":"0"},"offence":{"stab":"0","slash":"0","crush":"0","ranged":"11","magic":"-10"},"defence":{"stab":"6","slash":"5","crush":"7","ranged":"0","magic":"8"},"others":{"strength":"0","ranged_strength":"0","magic_damage":"0","prayer":"0"},"hand":null,"ammo_type":null,"ammo_tier":null,"weapon_type":null},"4":{"name":"Black gloves","id":"7457","link":"http://2007.runescape.wikia.com/wiki/Black_gloves","slotname":"glovesslot","level":{"attack":"0","strength":"0","defence":"0","hitpoints":"0","magic":"0","ranged":"0","prayer":"0"},"offence":{"stab":"5","slash":"5","crush":"5","ranged":"5","magic":"3"},"defence":{"stab":"5","slash":"5","crush":"5","ranged":"5","magic":"3"},"others":{"strength":"5","ranged_strength":"0","magic_damage":"0","prayer":"0"},"hand":null,"ammo_type":null,"ammo_tier":null,"weapon_type":null},"5":{"name":"Black spiky vambs","id":"10085","link":"http://2007.runescape.wikia.com/wiki/Black_spiky_vambs","slotname":"glovesslot","level":{"attack":"0","strength":"0","defence":"0","hitpoints":"0","magic":"0","ranged":"70","prayer":"0"},"offence":{"stab":"0","slash":"0","crush":"0","ranged":"11","magic":"-10"},"defence":{"stab":"6","slash":"5","crush":"7","ranged":"0","magic":"8"},"others":{"strength":"2","ranged_strength":"0","magic_damage":"0","prayer":"0"},"hand":null,"ammo_type":null,"ammo_tier":null,"weapon_type":null},"6":{"name":"Blue d'hide vamb","id":"2487","link":"http://2007.runescape.wikia.com/wiki/Blue_d%27hide_vamb","slotname":"glovesslot","level":{"attack":"0","strength":"0","defence":"0","hitpoints":"0","magic":"0","ranged":"50","prayer":"0"},"offence":{"stab":"0","slash":"0","crush":"0","ranged":"9","magic":"-10"},"defence":{"stab":"4","slash":"3","crush":"5","ranged":"0","magic":"4"},"others":{"strength":"0","ranged_strength":"0","magic_damage":"0","prayer":"0"},"hand":null,"ammo_type":null,"ammo_tier":null,"weapon_type":null},"7":{"name":"Blue spiky vambs","id":"10081","link":"http://2007.runescape.wikia.com/wiki/Blue_spiky_vambs","slotname":"glovesslot","level":{"attack":"0","strength":"0","defence":"0","hitpoints":"0","magic":"0","ranged":"50","prayer":"0"},"offence":{"stab":"0","slash":"0","crush":"0","ranged":"9","magic":"-10"},"defence":{"stab":"4","slash":"3","crush":"5","ranged":"0","magic":"4"},"others":{"strength":"2","ranged_strength":"0","magic_damage":"0","prayer":"0"},"hand":null,"ammo_type":null,"ammo_tier":null,"weapon_type":null},"8":{"name":"Bronze gloves","id":"14361","link":"http://2007.runescape.wikia.com/wiki/Bronze_gloves","slotname":"glovesslot","level":{"attack":"0","strength":"0","defence":"0","hitpoints":"0","magic":"0","ranged":"0","prayer":"0"},"offence":{"stab":"2","slash":"2","crush":"2","ranged":"2","magic":"1"},"defence":{"stab":"2","slash":"2","crush":"2","ranged":"2","magic":"1"},"others":{"strength":"2","ranged_strength":"0","magic_damage":"0","prayer":"0"},"hand":null,"ammo_type":null,"ammo_tier":null,"weapon_type":null},"9":{"name":"Chaos gauntlets","id":"17653","link":"http://2007.runescape.wikia.com/wiki/Chaos_gauntlets","slotname":"glovesslot","level":{"attack":"0","strength":"0","defence":"0","hitpoints":"0","magic":"0","ranged":"0","prayer":"0"},"offence":{"stab":"2","slash":"2","crush":"2","ranged":"0","magic":"0"},"defence":{"stab":"8","slash":"9","crush":"7","ranged":"0","magic":"0"},"others":{"strength":"2","ranged_strength":"0","magic_damage":"0","prayer":"0"},"hand":null,"ammo_type":null,"ammo_tier":null,"weapon_type":null},"10":{"name":"Combat bracelet","id":"11118","link":"http://2007.runescape.wikia.com/wiki/Combat_bracelet","slotname":"glovesslot","level":{"attack":"0","strength":"0","defence":"0","hitpoints":"0","magic":"0","ranged":"0","prayer":"0"},"offence":{"stab":"7","slash":"7","crush":"7","ranged":"7","magic":"3"},"defence":{"stab":"5","slash":"5","crush":"5","ranged":"5","magic":"3"},"others":{"strength":"6","ranged_strength":"0","magic_damage":"0","prayer":"0"},"hand":null,"ammo_type":null,"ammo_tier":null,"weapon_type":null},"11":{"name":"Cooking gauntlets","id":"17651","link":"http://2007.runescape.wikia.com/wiki/Cooking_gauntlets","slotname":"glovesslot","level":{"attack":"0","strength":"0","defence":"0","hitpoints":"0","magic":"0","ranged":"0","prayer":"0"},"offence":{"stab":"2","slash":"2","crush":"2","ranged":"0","magic":"0"},"defence":{"stab":"8","slash":"9","crush":"7","ranged":"0","magic":"0"},"others":{"strength":"2","ranged_strength":"0","magic_damage":"0","prayer":"0"},"hand":null,"ammo_type":null,"ammo_tier":null,"weapon_type":null},"12":{"name":"Dragon gloves","id":"7461","link":"http://2007.runescape.wikia.com/wiki/Dragon_gloves","slotname":"glovesslot","level":{"attack":"0","strength":"0","defence":"41","hitpoints":"0","magic":"0","ranged":"0","prayer":"0"},"offence":{"stab":"9","slash":"9","crush":"9","ranged":"9","magic":"5"},"defence":{"stab":"9","slash":"9","crush":"9","ranged":"0","magic":"5"},"others":{"strength":"0","ranged_strength":"0","magic_damage":"0","prayer":"0"},"hand":null,"ammo_type":null,"ammo_tier":null,"weapon_type":null},"13":{"name":"Granite gloves","id":"21736","link":"http://2007.runescape.wikia.com/wiki/Adamant_gloves","slotname":"glovesslot","level":{"attack":"0","strength":"50","defence":"50","hitpoints":"0","magic":"0","ranged":"0","prayer":"0"},"offence":{"stab":"5","slash":"5","crush":"9","ranged":"1","magic":"-3"},"defence":{"stab":"8","slash":"8","crush":"8","ranged":"5","magic":"-3"},"others":{"strength":"7","ranged_strength":"0","magic_damage":"0","prayer":"0"},"hand":null,"ammo_type":null,"ammo_tier":null,"weapon_type":null},"14":{"name":"Green d'hide vamb","id":"1065","link":"http://2007.runescape.wikia.com/wiki/Green_d%27hide_vamb","slotname":"glovesslot","level":{"attack":"0","strength":"0","defence":"0","hitpoints":"0","magic":"0","ranged":"40","prayer":"0"},"offence":{"stab":"0","slash":"0","crush":"0","ranged":"8","magic":"-10"},"defence":{"stab":"3","slash":"2","crush":"4","ranged":"0","magic":"2"},"others":{"strength":"0","ranged_strength":"0","magic_damage":"0","prayer":"0"},"hand":null,"ammo_type":null,"ammo_tier":null,"weapon_type":null},"15":{"name":"Green spiky vambs","id":"10079","link":"http://2007.runescape.wikia.com/wiki/Green_spiky_vambs","slotname":"glovesslot","level":{"attack":"0","strength":"0","defence":"0","hitpoints":"0","magic":"0","ranged":"40","prayer":"0"},"offence":{"stab":"0","slash":"0","crush":"0","ranged":"8","magic":"-10"},"defence":{"stab":"3","slash":"2","crush":"4","ranged":"0","magic":"2"},"others":{"strength":"2","ranged_strength":"0","magic_damage":"0","prayer":"0"},"hand":null,"ammo_type":null,"ammo_tier":null,"weapon_type":null},"16":{"name":"Hardleather gloves","id":"14360","link":"http://2007.runescape.wikia.com/wiki/Hardleather_gloves","slotname":"glovesslot","level":{"attack":"0","strength":"0","defence":"0","hitpoints":"0","magic":"0","ranged":"0","prayer":"0"},"offence":{"stab":"1","slash":"1","crush":"1","ranged":"1","magic":"1"},"defence":{"stab":"1","slash":"1","crush":"1","ranged":"1","magic":"1"},"others":{"strength":"1","ranged_strength":"0","magic_damage":"0","prayer":"0"},"hand":null,"ammo_type":null,"ammo_tier":null,"weapon_type":null},"17":{"name":"Holy Wraps","id":"19997","link":"http://2007.runescape.wikia.com/wiki/Holy_wraps","slotname":"handslot","level":{"attack":"0","strength":"0","defence":"0","hitpoints":"0","magic":"0","ranged":"0","prayer":"31"},"offence":{"stab":"0","slash":"0","crush":"0","ranged":"0","magic":"0"},"defence":{"stab":"0","slash":"0","crush":"0","ranged":"0","magic":"0"},"others":{"strength":"0","ranged_strength":"0","magic_damage":"0","prayer":"3"},"hand":null,"ammo_type":null,"ammo_tier":null,"weapon_type":null},"18":{"name":"Ice gloves","id":"1580","link":"http://2007.runescape.wikia.com/wiki/Ice_gloves","slotname":"glovesslot","level":{"attack":"0","strength":"0","defence":"0","hitpoints":"0","magic":"0","ranged":"0","prayer":"0"},"offence":{"stab":"0","slash":"0","crush":"0","ranged":"0","magic":"0"},"defence":{"stab":"0","slash":"3","crush":"4","ranged":"2","magic":"0"},"others":{"strength":"0","ranged_strength":"0","magic_damage":"0","prayer":"0"},"hand":null,"ammo_type":null,"ammo_tier":null,"weapon_type":null},"19":{"name":"Infinity Gloves","id":"18602","link":"http://2007.runescape.wikia.com/wiki/Infinity_gloves","slotname":"glovesslot","level":{"attack":"0","strength":"0","defence":"25","hitpoints":"0","magic":"50","ranged":"0","prayer":"0"},"offence":{"stab":"0","slash":"0","crush":"0","ranged":"0","magic":"5"},"defence":{"stab":"0","slash":"0","crush":"0","ranged":"0","magic":"5"},"others":{"strength":"0","ranged_strength":"0","magic_damage":"0","prayer":"0"},"hand":null,"ammo_type":null,"ammo_tier":null,"weapon_type":null},"20":{"name":"Iron gloves","id":"14362","link":"http://2007.runescape.wikia.com/wiki/Iron_gloves","slotname":"glovesslot","level":{"attack":"0","strength":"0","defence":"0","hitpoints":"0","magic":"0","ranged":"0","prayer":"0"},"offence":{"stab":"3","slash":"3","crush":"3","ranged":"3","magic":"2"},"defence":{"stab":"3","slash":"3","crush":"3","ranged":"3","magic":"2"},"others":{"strength":"3","ranged_strength":"0","magic_damage":"0","prayer":"0"},"hand":null,"ammo_type":null,"ammo_tier":null,"weapon_type":null},"21":{"name":"Karamja gloves 1","id":"11136","link":"http://2007.runescape.wikia.com/wiki/Karamja_gloves_1","slotname":"glovesslot","level":{"attack":"0","strength":"0","defence":"0","hitpoints":"0","magic":"0","ranged":"0","prayer":"0"},"offence":{"stab":"1","slash":"1","crush":"1","ranged":"1","magic":"1"},"defence":{"stab":"1","slash":"1","crush":"1","ranged":"1","magic":"1"},"others":{"strength":"1","ranged_strength":"0","magic_damage":"0","prayer":"0"},"hand":null,"ammo_type":null,"ammo_tier":null,"weapon_type":null},"22":{"name":"Karamja gloves 2","id":"11138","link":"http://2007.runescape.wikia.com/wiki/Karamja_gloves_2","slotname":"glovesslot","level":{"attack":"0","strength":"0","defence":"0","hitpoints":"0","magic":"0","ranged":"0","prayer":"0"},"offence":{"stab":"1","slash":"1","crush":"1","ranged":"1","magic":"1"},"defence":{"stab":"1","slash":"1","crush":"1","ranged":"1","magic":"1"},"others":{"strength":"1","ranged_strength":"0","magic_damage":"0","prayer":"0"},"hand":null,"ammo_type":null,"ammo_tier":null,"weapon_type":null},"23":{"name":"Karamja gloves 3","id":"18640","link":"http://2007.runescape.wikia.com/wiki/Karamja_gloves_3","slotname":"glovesslot","level":{"attack":"0","strength":"0","defence":"0","hitpoints":"0","magic":"0","ranged":"0","prayer":"0"},"offence":{"stab":"1","slash":"1","crush":"1","ranged":"1","magic":"1"},"defence":{"stab":"1","slash":"1","crush":"1","ranged":"1","magic":"1"},"others":{"strength":"1","ranged_strength":"0","magic_damage":"0","prayer":"0"},"hand":null,"ammo_type":null,"ammo_tier":null,"weapon_type":null},"24":{"name":"Leather vambraces","id":"1063","link":"http://2007.runescape.wikia.com/wiki/Leather_vambraces","slotname":"glovesslot","level":{"attack":"0","strength":"0","defence":"0","hitpoints":"0","magic":"0","ranged":"1","prayer":"0"},"offence":{"stab":"0","slash":"0","crush":"0","ranged":"4","magic":"0"},"defence":{"stab":"2","slash":"2","crush":"1","ranged":"0","magic":"0"},"others":{"strength":"0","ranged_strength":"0","magic_damage":"0","prayer":"0"},"hand":null,"ammo_type":null,"ammo_tier":null,"weapon_type":null},"25":{"name":"Lunar gloves","id":"9099","link":"http://2007.runescape.wikia.com/wiki/Lunar_gloves","slotname":"glovesslot","level":{"attack":"0","strength":"0","defence":"40","hitpoints":"0","magic":"65","ranged":"0","prayer":"0"},"offence":{"stab":"0","slash":"0","crush":"0","ranged":"-1","magic":"4"},"defence":{"stab":"2","slash":"1","crush":"1","ranged":"0","magic":"2"},"others":{"strength":"0","ranged_strength":"0","magic_damage":"0","prayer":"0"},"hand":null,"ammo_type":null,"ammo_tier":null,"weapon_type":null},"26":{"name":"Mithril gloves","id":"14365","link":"http://2007.runescape.wikia.com/wiki/Mithril_gloves","slotname":"glovesslot","level":{"attack":"0","strength":"0","defence":"0","hitpoints":"0","magic":"0","ranged":"0","prayer":"0"},"offence":{"stab":"6","slash":"6","crush":"6","ranged":"6","magic":"3"},"defence":{"stab":"6","slash":"6","crush":"6","ranged":"6","magic":"3"},"others":{"strength":"6","ranged_strength":"0","magic_damage":"0","prayer":"0"},"hand":null,"ammo_type":null,"ammo_tier":null,"weapon_type":null},"27":{"name":"Mystic gloves","id":"4095","link":"http://2007.runescape.wikia.com/wiki/Mystic_gloves_(light)","slotname":"glovesslot","level":{"attack":"0","strength":"0","defence":"20","hitpoints":"0","magic":"40","ranged":"0","prayer":"0"},"offence":{"stab":"0","slash":"0","crush":"0","ranged":"0","magic":"3"},"defence":{"stab":"0","slash":"0","crush":"0","ranged":"0","magic":"3"},"others":{"strength":"0","ranged_strength":"0","magic_damage":"0","prayer":"0"},"hand":null,"ammo_type":null,"ammo_tier":null,"weapon_type":null},"28":{"name":"Penance gloves","id":"15681","link":"http://2007.runescape.wikia.com/wiki/Penance_gloves","slotname":"glovesslot","level":{"attack":"0","strength":"0","defence":"40","hitpoints":"0","magic":"0","ranged":"0","prayer":"0"},"offence":{"stab":"0","slash":"0","crush":"0","ranged":"0","magic":"0"},"defence":{"stab":"0","slash":"3","crush":"4","ranged":"2","magic":"0"},"others":{"strength":"0","ranged_strength":"0","magic_damage":"0","prayer":"0"},"hand":null,"ammo_type":null,"ammo_tier":null,"weapon_type":null},"29":{"name":"Ranger Gloves","id":"19994","link":"http://2007.runescape.wikia.com/wiki/Ranger_gloves","slotname":"glovesslot","level":{"attack":"0","strength":"0","defence":"0","hitpoints":"0","magic":"0","ranged":"40","prayer":"0"},"offence":{"stab":"0","slash":"0","crush":"0","ranged":"11","magic":"-10"},"defence":{"stab":"1","slash":"2","crush":"1","ranged":"0","magic":"2"},"others":{"strength":"0","ranged_strength":"0","magic_damage":"0","prayer":"0"},"hand":null,"ammo_type":null,"ammo_tier":null,"weapon_type":null},"30":{"name":"Red d'hide vamb","id":"2489","link":"http://2007.runescape.wikia.com/wiki/Red_d%27hide_vamb","slotname":"glovesslot","level":{"attack":"0","strength":"0","defence":"0","hitpoints":"0","magic":"0","ranged":"60","prayer":"0"},"offence":{"stab":"0","slash":"0","crush":"0","ranged":"10","magic":"-10"},"defence":{"stab":"5","slash":"4","crush":"6","ranged":"0","magic":"6"},"others":{"strength":"0","ranged_strength":"0","magic_damage":"0","prayer":"0"},"hand":null,"ammo_type":null,"ammo_tier":null,"weapon_type":null},"31":{"name":"Red spiky vambs","id":"10083","link":"http://2007.runescape.wikia.com/wiki/Red_spiky_vambs","slotname":"glovesslot","level":{"attack":"0","strength":"0","defence":"0","hitpoints":"0","magic":"0","ranged":"60","prayer":"0"},"offence":{"stab":"0","slash":"0","crush":"0","ranged":"10","magic":"-10"},"defence":{"stab":"5","slash":"4","crush":"6","ranged":"0","magic":"6"},"others":{"strength":"2","ranged_strength":"0","magic_damage":"0","prayer":"0"},"hand":null,"ammo_type":null,"ammo_tier":null,"weapon_type":null},"32":{"name":"Regen bracelet","id":"11133","link":"http://2007.runescape.wikia.com/wiki/Regen_bracelet","slotname":"glovesslot","level":{"attack":"0","strength":"0","defence":"0","hitpoints":"0","magic":"0","ranged":"0","prayer":"0"},"offence":{"stab":"8","slash":"8","crush":"8","ranged":"7","magic":"3"},"defence":{"stab":"6","slash":"6","crush":"6","ranged":"6","magic":"3"},"others":{"strength":"7","ranged_strength":"0","magic_damage":"0","prayer":"0"},"hand":null,"ammo_type":null,"ammo_tier":null,"weapon_type":null},"33":{"name":"Rogue gloves","id":"18429","link":"http://2007.runescape.wikia.com/wiki/Rogue_gloves","slotname":"glovesslot","level":{"attack":"0","strength":"0","defence":"0","hitpoints":"0","magic":"0","ranged":"0","prayer":"0"},"offence":{"stab":"0","slash":"0","crush":"0","ranged":"0","magic":"0"},"defence":{"stab":"2","slash":"2","crush":"2","ranged":"2","magic":"2"},"others":{"strength":"0","ranged_strength":"0","magic_damage":"0","prayer":"0"},"hand":null,"ammo_type":null,"ammo_tier":null,"weapon_type":null},"34":{"name":"Rune gloves","id":"14367","link":"http://2007.runescape.wikia.com/wiki/Rune_gloves","slotname":"glovesslot","level":{"attack":"0","strength":"0","defence":"35","hitpoints":"0","magic":"0","ranged":"0","prayer":"0"},"offence":{"stab":"8","slash":"8","crush":"8","ranged":"8","magic":"4"},"defence":{"stab":"8","slash":"8","crush":"8","ranged":"8","magic":"4"},"others":{"strength":"8","ranged_strength":"0","magic_damage":"0","prayer":"0"},"hand":null,"ammo_type":null,"ammo_tier":null,"weapon_type":null},"35":{"name":"Snakeskin vambraces","id":"6330","link":"http://2007.runescape.wikia.com/wiki/Snakeskin_vambraces","slotname":"glovesslot","level":{"attack":"0","strength":"0","defence":"0","hitpoints":"0","magic":"0","ranged":"20","prayer":"0"},"offence":{"stab":"0","slash":"0","crush":"0","ranged":"4","magic":"-5"},"defence":{"stab":"2","slash":"2","crush":"2","ranged":"0","magic":"1"},"others":{"strength":"0","ranged_strength":"0","magic_damage":"0","prayer":"0"},"hand":null,"ammo_type":null,"ammo_tier":null,"weapon_type":null},"36":{"name":"Splitbark gauntlets ","id":"3391","link":"http://2007.runescape.wikia.com/wiki/Splitbark_gauntlets","slotname":"glovesslot","level":{"attack":"0","strength":"0","defence":"40","hitpoints":"0","magic":"40","ranged":"0","prayer":"0"},"offence":{"stab":"0","slash":"0","crush":"0","ranged":"-1","magic":"2"},"defence":{"stab":"3","slash":"2","crush":"4","ranged":"0","magic":"2"},"others":{"strength":"0","ranged_strength":"0","magic_damage":"0","prayer":"0"},"hand":null,"ammo_type":null,"ammo_tier":null,"weapon_type":null},"37":{"name":"Steel gloves","id":"7456","link":"http://2007.runescape.wikia.com/wiki/Steel_gloves","slotname":"glovesslot","level":{"attack":"0","strength":"0","defence":"0","hitpoints":"0","magic":"0","ranged":"0","prayer":"0"},"offence":{"stab":"4","slash":"4","crush":"4","ranged":"4","magic":"2"},"defence":{"stab":"4","slash":"4","crush":"4","ranged":"4","magic":"2"},"others":{"strength":"4","ranged_strength":"0","magic_damage":"0","prayer":"0"},"hand":null,"ammo_type":null,"ammo_tier":null,"weapon_type":null},"38":{"name":"Tormented Bracelet","id":"19544","link":"http://2007.runescape.wikia.com/wiki/Tormented_bracelet","slotname":"glovesslot","level":{"attack":"0","strength":"0","defence":"0","hitpoints":"75","magic":"0","ranged":"0","prayer":"0"},"offence":{"stab":"0","slash":"0","crush":"0","ranged":"0","magic":"10"},"defence":{"stab":"0","slash":"0","crush":"0","ranged":"0","magic":"0"},"others":{"strength":"0","ranged_strength":"0","magic_damage":"5","prayer":"2"},"hand":null,"ammo_type":null,"ammo_tier":null,"weapon_type":null},"39":{"name":"Void knight gloves","id":"8842","link":"http://2007.runescape.wikia.com/wiki/Void_gloves","slotname":"glovesslot","level":{"attack":"42","strength":"42","defence":"42","hitpoints":"42","magic":"42","ranged":"42","prayer":"22"},"offence":{"stab":"0","slash":"0","crush":"0","ranged":"0","magic":"0"},"defence":{"stab":"6","slash":"6","crush":"6","ranged":"6","magic":"4"},"others":{"strength":"0","ranged_strength":"0","magic_damage":"0","prayer":"0"},"hand":null,"ammo_type":null,"ammo_tier":null,"weapon_type":null}}