{"0":{"name":"3rd age full helmet","id":"10350","link":"http://2007.runescape.wikia.com/wiki/3rd_age_full_helmet","slotname":"headslot","level":{"attack":"0","strength":"0","defence":"65","hitpoints":"0","magic":"0","ranged":"0","prayer":"0"},"offence":{"stab":"0","slash":"0","crush":"0","ranged":"-2","magic":"-5"},"defence":{"stab":"47","slash":"49","crush":"43","ranged":"48","magic":"-3"},"others":{"strength":"0","ranged_strength":"0","magic_damage":"0","prayer":"0"},"hand":null,"ammo_type":null,"ammo_tier":null,"weapon_type":null},"1":{"name":"3rd age mage hat","id":"10342","link":"http://2007.runescape.wikia.com/wiki/3rd_age_mage_hat","slotname":"headslot","level":{"attack":"0","strength":"0","defence":"30","hitpoints":"0","magic":"65","ranged":"0","prayer":"0"},"offence":{"stab":"0","slash":"0","crush":"0","ranged":"0","magic":"8"},"defence":{"stab":"0","slash":"0","crush":"0","ranged":"0","magic":"8"},"others":{"strength":"0","ranged_strength":"0","magic_damage":"0","prayer":"0"},"hand":null,"ammo_type":null,"ammo_tier":null,"weapon_type":null},"2":{"name":"3rd age range coif","id":"10334","link":"http://2007.runescape.wikia.com/wiki/3rd_age_range_coif","slotname":"headslot","level":{"attack":"0","strength":"0","defence":"45","hitpoints":"0","magic":"0","ranged":"65","prayer":"0"},"offence":{"stab":"0","slash":"0","crush":"0","ranged":"9","magic":"-2"},"defence":{"stab":"4","slash":"7","crush":"10","ranged":"8","magic":"5"},"others":{"strength":"0","ranged_strength":"0","magic_damage":"0","prayer":"0"},"hand":null,"ammo_type":null,"ammo_tier":null,"weapon_type":null},"3":{"name":"Adamant full helm","id":"1161","link":"http://2007.runescape.wikia.com/wiki/Adamant_full_helm","slotname":"headslot","level":{"attack":"0","strength":"0","defence":"30","hitpoints":"0","magic":"0","ranged":"0","prayer":"0"},"offence":{"stab":"0","slash":"0","crush":"0","ranged":"-2","magic":"-6"},"defence":{"stab":"19","slash":"21","crush":"16","ranged":"19","magic":"-1"},"others":{"strength":"0","ranged_strength":"0","magic_damage":"0","prayer":"0"},"hand":null,"ammo_type":null,"ammo_tier":null,"weapon_type":null},"4":{"name":"Adamant med helm","id":"1145","link":"http://2007.runescape.wikia.com/wiki/Adamant_med_helm","slotname":"headslot","level":{"attack":"0","strength":"0","defence":"30","hitpoints":"0","magic":"0","ranged":"0","prayer":"0"},"offence":{"stab":"0","slash":"0","crush":"0","ranged":"-1","magic":"-3"},"defence":{"stab":"14","slash":"15","crush":"13","ranged":"14","magic":"-1"},"others":{"strength":"0","ranged_strength":"0","magic_damage":"0","prayer":"0"},"hand":null,"ammo_type":null,"ammo_tier":null,"weapon_type":null},"5":{"name":"Ahrim's hood","id":"4708","link":"http://2007.runescape.wikia.com/wiki/Ahrim%27s_hood","slotname":"headslot","level":{"attack":"0","strength":"0","defence":"70","hitpoints":"0","magic":"70","ranged":"0","prayer":"0"},"offence":{"stab":"0","slash":"0","crush":"0","ranged":"-2","magic":"6"},"defence":{"stab":"15","slash":"13","crush":"16","ranged":"0","magic":"6"},"others":{"strength":"0","ranged_strength":"0","magic_damage":"0","prayer":"0"},"hand":null,"ammo_type":null,"ammo_tier":null,"weapon_type":null},"6":{"name":"Ancestral hat","id":"21018","link":"http://2007.runescape.wikia.com/wiki/Ancestral_hat","slotname":"headslot","level":{"attack":"0","strength":"0","defence":"65","hitpoints":"0","magic":"75","ranged":"0","prayer":"0"},"offence":{"stab":"0","slash":"0","crush":"0","ranged":"-2","magic":"8"},"defence":{"stab":"12","slash":"11","crush":"13","ranged":"0","magic":"5"},"others":{"strength":"0","ranged_strength":"0","magic_damage":"2","prayer":"0"},"hand":null,"ammo_type":null,"ammo_tier":null,"weapon_type":null},"7":{"name":"Ancient coif","id":"12496","link":"http://2007.runescape.wikia.com/wiki/Ancient_coif","slotname":"headslot","level":{"attack":"0","strength":"0","defence":"40","hitpoints":"0","magic":"0","ranged":"70","prayer":"0"},"offence":{"stab":"0","slash":"0","crush":"0","ranged":"7","magic":"-1"},"defence":{"stab":"4","slash":"7","crush":"10","ranged":"8","magic":"4"},"others":{"strength":"0","ranged_strength":"0","magic_damage":"0","prayer":"1"},"hand":null,"ammo_type":null,"ammo_tier":null,"weapon_type":null},"8":{"name":"Ancient full helm","id":"12466","link":"http://2007.runescape.wikia.com/wiki/Ancient_full_helm","slotname":"headslot","level":{"attack":"0","strength":"0","defence":"40","hitpoints":"0","magic":"0","ranged":"0","prayer":"0"},"offence":{"stab":"0","slash":"0","crush":"0","ranged":"-2","magic":"-6"},"defence":{"stab":"30","slash":"32","crush":"27","ranged":"30","magic":"-1"},"others":{"strength":"0","ranged_strength":"0","magic_damage":"0","prayer":"1"},"hand":null,"ammo_type":null,"ammo_tier":null,"weapon_type":null},"9":{"name":"Ancient mitre","id":"12203","link":"http://2007.runescape.wikia.com/wiki/Ancient_mitre","slotname":"headslot","level":{"attack":"0","strength":"0","defence":"0","hitpoints":"0","magic":"40","ranged":"0","prayer":"40"},"offence":{"stab":"0","slash":"0","crush":"0","ranged":"0","magic":"4"},"defence":{"stab":"0","slash":"0","crush":"0","ranged":"0","magic":"4"},"others":{"strength":"0","ranged_strength":"0","magic_damage":"0","prayer":"5"},"hand":null,"ammo_type":null,"ammo_tier":null,"weapon_type":null},"10":{"name":"Archer helm","id":"3749","link":"http://2007.runescape.wikia.com/wiki/Archer_helm","slotname":"headslot","level":{"attack":"0","strength":"0","defence":"45","hitpoints":"0","magic":"0","ranged":"0","prayer":"0"},"offence":{"stab":"-5","slash":"-5","crush":"-5","ranged":"6","magic":"-5"},"defence":{"stab":"6","slash":"8","crush":"10","ranged":"6","magic":"6"},"others":{"strength":"0","ranged_strength":"0","magic_damage":"0","prayer":"0"},"hand":null,"ammo_type":null,"ammo_tier":null,"weapon_type":null},"11":{"name":"Armadyl helmet","id":"11826","link":"http://2007.runescape.wikia.com/wiki/Armadyl_helmet","slotname":"headslot","level":{"attack":"0","strength":"0","defence":"70","hitpoints":"0","magic":"0","ranged":"70","prayer":"0"},"offence":{"stab":"-5","slash":"-5","crush":"-5","ranged":"10","magic":"-5"},"defence":{"stab":"6","slash":"6","crush":"10","ranged":"8","magic":"10"},"others":{"strength":"0","ranged_strength":"0","magic_damage":"0","prayer":"1"},"hand":null,"ammo_type":null,"ammo_tier":null,"weapon_type":null},"12":{"name":"Bearhead","id":"17739","link":"http://2007.runescape.wikia.com/wiki/Bearhead","slotname":"headslot","level":{"attack":"0","strength":"0","defence":"0","hitpoints":"0","magic":"0","ranged":"0","prayer":"0"},"offence":{"stab":"0","slash":"0","crush":"0","ranged":"-3","magic":"-3"},"defence":{"stab":"12","slash":"14","crush":"10","ranged":"9","magic":"7"},"others":{"strength":"0","ranged_strength":"0","magic_damage":"0","prayer":"0"},"hand":null,"ammo_type":null,"ammo_tier":null,"weapon_type":null},"13":{"name":"Berserker helm","id":"3751","link":"http://2007.runescape.wikia.com/wiki/Berserker_helm","slotname":"headslot","level":{"attack":"0","strength":"0","defence":"45","hitpoints":"0","magic":"0","ranged":"0","prayer":"0"},"offence":{"stab":"0","slash":"0","crush":"0","ranged":"-5","magic":"-5"},"defence":{"stab":"31","slash":"29","crush":"33","ranged":"30","magic":"0"},"others":{"strength":"3","ranged_strength":"0","magic_damage":"0","prayer":"0"},"hand":null,"ammo_type":null,"ammo_tier":null,"weapon_type":null},"14":{"name":"Black full helm","id":"1165","link":"http://2007.runescape.wikia.com/wiki/Black_full_helm","slotname":"headslot","level":{"attack":"0","strength":"0","defence":"10","hitpoints":"0","magic":"0","ranged":"0","prayer":"0"},"offence":{"stab":"0","slash":"0","crush":"0","ranged":"-2","magic":"-6"},"defence":{"stab":"12","slash":"13","crush":"10","ranged":"12","magic":"-1"},"others":{"strength":"0","ranged_strength":"0","magic_damage":"0","prayer":"0"},"hand":null,"ammo_type":null,"ammo_tier":null,"weapon_type":null},"15":{"name":"Black mask","id":"8921","link":"http://2007.runescape.wikia.com/wiki/Black_mask","slotname":"headslot","level":{"attack":"0","strength":"20","defence":"10","hitpoints":"0","magic":"0","ranged":"0","prayer":"0"},"offence":{"stab":"0","slash":"0","crush":"0","ranged":"-1","magic":"-3"},"defence":{"stab":"9","slash":"10","crush":"8","ranged":"9","magic":"-1"},"others":{"strength":"0","ranged_strength":"0","magic_damage":"0","prayer":"0"},"hand":null,"ammo_type":null,"ammo_tier":null,"weapon_type":null},"16":{"name":"Black mask (i)","id":"8921","link":"http://2007.runescape.wikia.com/wiki/Black_mask_(i)","slotname":"headslot","level":{"attack":"0","strength":"20","defence":"10","hitpoints":"0","magic":"0","ranged":"0","prayer":"0"},"offence":{"stab":"0","slash":"0","crush":"0","ranged":"0","magic":"0"},"defence":{"stab":"9","slash":"10","crush":"8","ranged":"9","magic":"-1"},"others":{"strength":"0","ranged_strength":"0","magic_damage":"0","prayer":"0"},"hand":null,"ammo_type":null,"ammo_tier":null,"weapon_type":null},"17":{"name":"Black med helm","id":"1151","link":"http://2007.runescape.wikia.com/wiki/Black_med_helm","slotname":"headslot","level":{"attack":"0","strength":"0","defence":"10","hitpoints":"0","magic":"0","ranged":"0","prayer":"0"},"offence":{"stab":"0","slash":"0","crush":"0","ranged":"-1","magic":"-3"},"defence":{"stab":"9","slash":"10","crush":"8","ranged":"9","magic":"-1"},"others":{"strength":"0","ranged_strength":"0","magic_damage":"0","prayer":"0"},"hand":null,"ammo_type":null,"ammo_tier":null,"weapon_type":null},"18":{"name":"Blue wizard hat","id":"579","link":"http://2007.runescape.wikia.com/wiki/Blue_wizard_hat","slotname":"headslot","level":{"attack":"0","strength":"0","defence":"0","hitpoints":"0","magic":"0","ranged":"0","prayer":"0"},"offence":{"stab":"0","slash":"0","crush":"0","ranged":"0","magic":"2"},"defence":{"stab":"0","slash":"0","crush":"0","ranged":"0","magic":"2"},"others":{"strength":"0","ranged_strength":"0","magic_damage":"0","prayer":"0"},"hand":null,"ammo_type":null,"ammo_tier":null,"weapon_type":null},"19":{"name":"Bronze full helm","id":"1155","link":"http://2007.runescape.wikia.com/wiki/Bronze_full_helm","slotname":"headslot","level":{"attack":"0","strength":"0","defence":"0","hitpoints":"0","magic":"0","ranged":"0","prayer":"0"},"offence":{"stab":"0","slash":"0","crush":"0","ranged":"-2","magic":"-6"},"defence":{"stab":"4","slash":"5","crush":"3","ranged":"4","magic":"-1"},"others":{"strength":"0","ranged_strength":"0","magic_damage":"0","prayer":"0"},"hand":null,"ammo_type":null,"ammo_tier":null,"weapon_type":null},"20":{"name":"Bronze med helm","id":"1139","link":"http://2007.runescape.wikia.com/wiki/Bronze_med_helm","slotname":"headslot","level":{"attack":"0","strength":"0","defence":"0","hitpoints":"0","magic":"0","ranged":"0","prayer":"0"},"offence":{"stab":"0","slash":"0","crush":"0","ranged":"-1","magic":"-3"},"defence":{"stab":"3","slash":"4","crush":"2","ranged":"4","magic":"-1"},"others":{"strength":"0","ranged_strength":"0","magic_damage":"0","prayer":"0"},"hand":null,"ammo_type":null,"ammo_tier":null,"weapon_type":null},"21":{"name":"Coif","id":"1169","link":"http://2007.runescape.wikia.com/wiki/Coif","slotname":"headslot","level":{"attack":"0","strength":"0","defence":"0","hitpoints":"0","magic":"0","ranged":"20","prayer":"0"},"offence":{"stab":"0","slash":"0","crush":"0","ranged":"2","magic":"-1"},"defence":{"stab":"4","slash":"6","crush":"8","ranged":"4","magic":"4"},"others":{"strength":"0","ranged_strength":"0","magic_damage":"0","prayer":"0"},"hand":null,"ammo_type":null,"ammo_tier":null,"weapon_type":null},"22":{"name":"Dark infinity hat","id":"12457","link":"http://2007.runescape.wikia.com/wiki/Dark_infinity_hat","slotname":"headslot","level":{"attack":"0","strength":"0","defence":"25","hitpoints":"0","magic":"50","ranged":"0","prayer":"0"},"offence":{"stab":"0","slash":"0","crush":"0","ranged":"0","magic":"6"},"defence":{"stab":"0","slash":"0","crush":"0","ranged":"0","magic":"6"},"others":{"strength":"0","ranged_strength":"0","magic_damage":"0","prayer":"0"},"hand":null,"ammo_type":null,"ammo_tier":null,"weapon_type":null},"23":{"name":"Decorative magic hat","id":"15650","link":"http://2007.runescape.wikia.com/wiki/Decorative_magic_hat","slotname":"headslot","level":{"attack":"0","strength":"0","defence":"0","hitpoints":"0","magic":"20","ranged":"0","prayer":"0"},"offence":{"stab":"0","slash":"0","crush":"0","ranged":"0","magic":"0"},"defence":{"stab":"4","slash":"4","crush":"4","ranged":"4","magic":"4"},"others":{"strength":"0","ranged_strength":"0","magic_damage":"0","prayer":"0"},"hand":null,"ammo_type":null,"ammo_tier":null,"weapon_type":null},"24":{"name":"Dharok's helm","id":"4716","link":"http://2007.runescape.wikia.com/wiki/Dharok%27s_helm","slotname":"headslot","level":{"attack":"0","strength":"0","defence":"70","hitpoints":"0","magic":"0","ranged":"0","prayer":"0"},"offence":{"stab":"0","slash":"0","crush":"0","ranged":"-1","magic":"-3"},"defence":{"stab":"45","slash":"48","crush":"44","ranged":"51","magic":"-1"},"others":{"strength":"0","ranged_strength":"0","magic_damage":"0","prayer":"0"},"hand":null,"ammo_type":null,"ammo_tier":null,"weapon_type":null},"25":{"name":"Dragon full helm","id":"11335","link":"http://2007.runescape.wikia.com/wiki/Dragon_full_helm","slotname":"headslot","level":{"attack":"0","strength":"0","defence":"60","hitpoints":"0","magic":"0","ranged":"0","prayer":"0"},"offence":{"stab":"0","slash":"0","crush":"0","ranged":"-2","magic":"-6"},"defence":{"stab":"45","slash":"48","crush":"41","ranged":"46","magic":"-1"},"others":{"strength":"0","ranged_strength":"0","magic_damage":"0","prayer":"0"},"hand":null,"ammo_type":null,"ammo_tier":null,"weapon_type":null},"26":{"name":"Dragon med helm","id":"6967","link":"http://2007.runescape.wikia.com/wiki/Dragon_med_helm","slotname":"headslot","level":{"attack":"0","strength":"0","defence":"60","hitpoints":"0","magic":"0","ranged":"0","prayer":"0"},"offence":{"stab":"0","slash":"0","crush":"0","ranged":"-1","magic":"-3"},"defence":{"stab":"33","slash":"35","crush":"32","ranged":"34","magic":"-1"},"others":{"strength":"0","ranged_strength":"0","magic_damage":"0","prayer":"0"},"hand":null,"ammo_type":null,"ammo_tier":null,"weapon_type":null},"27":{"name":"Dwarven helmet","id":"11200","link":"http://2007.runescape.wikia.com/wiki/Dwarven_helmet","slotname":"headslot","level":{"attack":"0","strength":"0","defence":"50","hitpoints":"0","magic":"0","ranged":"0","prayer":"0"},"offence":{"stab":"0","slash":"0","crush":"6","ranged":"-2","magic":"-2"},"defence":{"stab":"27","slash":"28","crush":"31","ranged":"24","magic":"5"},"others":{"strength":"0","ranged_strength":"0","magic_damage":"0","prayer":"0"},"hand":null,"ammo_type":null,"ammo_tier":null,"weapon_type":null},"28":{"name":"Elder chaos hood\r\n","id":"20595","link":"http://2007.runescape.wikia.com/wiki/Elder_chaos_hood","slotname":"headslot","level":{"attack":"0","strength":"0","defence":"0","hitpoints":"0","magic":"40","ranged":"0","prayer":"0"},"offence":{"stab":"0","slash":"0","crush":"0","ranged":"0","magic":"5"},"defence":{"stab":"0","slash":"0","crush":"0","ranged":"0","magic":"5"},"others":{"strength":"0","ranged_strength":"0","magic_damage":"0","prayer":"0"},"hand":null,"ammo_type":null,"ammo_tier":null,"weapon_type":null},"29":{"name":"Enchanted hat","id":"7400","link":"http://2007.runescape.wikia.com/wiki/Enchanted_hat","slotname":"headslot","level":{"attack":"0","strength":"0","defence":"20","hitpoints":"0","magic":"40","ranged":"0","prayer":"0"},"offence":{"stab":"0","slash":"0","crush":"0","ranged":"0","magic":"4"},"defence":{"stab":"0","slash":"0","crush":"0","ranged":"0","magic":"4"},"others":{"strength":"0","ranged_strength":"0","magic_damage":"0","prayer":"0"},"hand":null,"ammo_type":null,"ammo_tier":null,"weapon_type":null},"30":{"name":"Farseer helm","id":"3755","link":"http://2007.runescape.wikia.com/wiki/Farseer_helm","slotname":"headslot","level":{"attack":"0","strength":"0","defence":"45","hitpoints":"0","magic":"0","ranged":"0","prayer":"0"},"offence":{"stab":"-5","slash":"-5","crush":"-5","ranged":"-5","magic":"6"},"defence":{"stab":"8","slash":"10","crush":"12","ranged":"0","magic":"6"},"others":{"strength":"0","ranged_strength":"0","magic_damage":"0","prayer":"0"},"hand":null,"ammo_type":null,"ammo_tier":null,"weapon_type":null},"31":{"name":"Fighter hat","id":"20507","link":"http://2007.runescape.wikia.com/wiki/Fighter_hat","slotname":"headslot","level":{"attack":"0","strength":"0","defence":"45","hitpoints":"0","magic":"0","ranged":"0","prayer":"0"},"offence":{"stab":"5","slash":"5","crush":"5","ranged":"-7","magic":"-7"},"defence":{"stab":"27","slash":"29","crush":"26","ranged":"28","magic":"-3"},"others":{"strength":"0","ranged_strength":"0","magic_damage":"0","prayer":"0"},"hand":null,"ammo_type":null,"ammo_tier":null,"weapon_type":null},"32":{"name":"Fremennik helm","id":"16753","link":"http://oldschoolrunescape.wikia.com/wiki/Fremennik_helm","slotname":"headslot","level":{"attack":"0","strength":"0","defence":"30","hitpoints":"0","magic":"0","ranged":"0","prayer":"0"},"offence":{"stab":"0","slash":"0","crush":"0","ranged":"-2","magic":"-6"},"defence":{"stab":"19","slash":"21","crush":"16","ranged":"19","magic":"-1"},"others":{"strength":"0","ranged_strength":"0","magic_damage":"00","prayer":"0"},"hand":null,"ammo_type":null,"ammo_tier":null,"weapon_type":null},"33":{"name":"Gnome hat","id":"660","link":"http://2007.runescape.wikia.com/wiki/Gnome_hat","slotname":"headslot","level":{"attack":"0","strength":"0","defence":"0","hitpoints":"0","magic":"0","ranged":"0","prayer":"0"},"offence":{"stab":"0","slash":"0","crush":"0","ranged":"0","magic":"3"},"defence":{"stab":"0","slash":"0","crush":"0","ranged":"0","magic":"3"},"others":{"strength":"0","ranged_strength":"0","magic_damage":"0","prayer":"0"},"hand":null,"ammo_type":null,"ammo_tier":null,"weapon_type":null},"34":{"name":"God halo","id":"20539","link":"http://2007.runescape.wikia.com/wiki/Guthix_halo","slotname":"headslot","level":{"attack":"0","strength":"0","defence":"0","hitpoints":"0","magic":"0","ranged":"0","prayer":"0"},"offence":{"stab":"0","slash":"0","crush":"0","ranged":"0","magic":"0"},"defence":{"stab":"11","slash":"12","crush":"10","ranged":"-1","magic":"11"},"others":{"strength":"0","ranged_strength":"0","magic_damage":"0","prayer":"3"},"hand":null,"ammo_type":null,"ammo_tier":null,"weapon_type":null},"35":{"name":"Granite helm","id":"10589","link":"http://2007.runescape.wikia.com/wiki/Granite_helm","slotname":"headslot","level":{"attack":"0","strength":"50","defence":"50","hitpoints":"0","magic":"0","ranged":"0","prayer":"0"},"offence":{"stab":"0","slash":"0","crush":"0","ranged":"-7","magic":"-9"},"defence":{"stab":"31","slash":"33","crush":"29","ranged":"39","magic":"-1"},"others":{"strength":"0","ranged_strength":"0","magic_damage":"0","prayer":"0"},"hand":null,"ammo_type":null,"ammo_tier":null,"weapon_type":null},"36":{"name":"Guthan's helm","id":"4724","link":"http://2007.runescape.wikia.com/wiki/Guthan%27s_helm","slotname":"headslot","level":{"attack":"0","strength":"0","defence":"70","hitpoints":"0","magic":"0","ranged":"0","prayer":"0"},"offence":{"stab":"0","slash":"0","crush":"0","ranged":"-2","magic":"-6"},"defence":{"stab":"55","slash":"58","crush":"54","ranged":"62","magic":"-1"},"others":{"strength":"0","ranged_strength":"0","magic_damage":"0","prayer":"0"},"hand":null,"ammo_type":null,"ammo_tier":null,"weapon_type":null},"37":{"name":"Healer hat","id":"10547","link":"http://2007.runescape.wikia.com/wiki/Healer_hat","slotname":"headslot","level":{"attack":"0","strength":"0","defence":"45","hitpoints":"0","magic":"0","ranged":"0","prayer":"0"},"offence":{"stab":"-5","slash":"-5","crush":"-5","ranged":"-5","magic":"6"},"defence":{"stab":"6","slash":"8","crush":"10","ranged":"0","magic":"7"},"others":{"strength":"0","ranged_strength":"0","magic_damage":"0","prayer":"0"},"hand":null,"ammo_type":null,"ammo_tier":null,"weapon_type":null},"38":{"name":"Helm of neitiznot","id":"10828","link":"http://2007.runescape.wikia.com/wiki/Helm_of_neitiznot","slotname":"headslot","level":{"attack":"0","strength":"0","defence":"55","hitpoints":"0","magic":"0","ranged":"0","prayer":"0"},"offence":{"stab":"0","slash":"0","crush":"0","ranged":"0","magic":"0"},"defence":{"stab":"31","slash":"29","crush":"34","ranged":"30","magic":"3"},"others":{"strength":"3","ranged_strength":"0","magic_damage":"0","prayer":"3"},"hand":null,"ammo_type":null,"ammo_tier":null,"weapon_type":null},"39":{"name":"Hood Of Darkness","id":"20128","link":"http://2007.runescape.wikia.com/wiki/Hood_of_darkness","slotname":"headslot","level":{"attack":"0","strength":"0","defence":"20","hitpoints":"0","magic":"40","ranged":"0","prayer":"0"},"offence":{"stab":"0","slash":"0","crush":"0","ranged":"0","magic":"4"},"defence":{"stab":"0","slash":"0","crush":"0","ranged":"0","magic":"4"},"others":{"strength":"0","ranged_strength":"0","magic_damage":"0","prayer":"0"},"hand":null,"ammo_type":null,"ammo_tier":null,"weapon_type":null},"40":{"name":"Infinity hat","id":"6918","link":"http://2007.runescape.wikia.com/wiki/Infinity_hat","slotname":"headslot","level":{"attack":"0","strength":"0","defence":"25","hitpoints":"0","magic":"50","ranged":"0","prayer":"0"},"offence":{"stab":"0","slash":"0","crush":"0","ranged":"0","magic":"6"},"defence":{"stab":"0","slash":"0","crush":"0","ranged":"0","magic":"6"},"others":{"strength":"0","ranged_strength":"0","magic_damage":"0","prayer":"0"},"hand":null,"ammo_type":null,"ammo_tier":null,"weapon_type":null},"41":{"name":"Initiate sallet","id":"5574","link":"http://2007.runescape.wikia.com/wiki/Initiate_sallet","slotname":"headslot","level":{"attack":"0","strength":"0","defence":"20","hitpoints":"0","magic":"0","ranged":"0","prayer":"10"},"offence":{"stab":"0","slash":"0","crush":"0","ranged":"-2","magic":"-6"},"defence":{"stab":"13","slash":"14","crush":"11","ranged":"13","magic":"-1"},"others":{"strength":"0","ranged_strength":"0","magic_damage":"0","prayer":"3"},"hand":null,"ammo_type":null,"ammo_tier":null,"weapon_type":null},"42":{"name":"Iron full helm","id":"1153","link":"http://2007.runescape.wikia.com/wiki/Iron_full_helm","slotname":"headslot","level":{"attack":"0","strength":"0","defence":"0","hitpoints":"0","magic":"0","ranged":"0","prayer":"0"},"offence":{"stab":"0","slash":"0","crush":"0","ranged":"-2","magic":"-6"},"defence":{"stab":"6","slash":"7","crush":"5","ranged":"6","magic":"-1"},"others":{"strength":"0","ranged_strength":"0","magic_damage":"0","prayer":"0"},"hand":null,"ammo_type":null,"ammo_tier":null,"weapon_type":null},"43":{"name":"Iron med helm","id":"1137","link":"http://2007.runescape.wikia.com/wiki/Iron_med_helm","slotname":"headslot","level":{"attack":"0","strength":"0","defence":"0","hitpoints":"0","magic":"0","ranged":"0","prayer":"0"},"offence":{"stab":"0","slash":"0","crush":"0","ranged":"-1","magic":"-3"},"defence":{"stab":"4","slash":"5","crush":"3","ranged":"4","magic":"-1"},"others":{"strength":"0","ranged_strength":"0","magic_damage":"0","prayer":"0"},"hand":null,"ammo_type":null,"ammo_tier":null,"weapon_type":null},"44":{"name":"Kandarin headgear 1","id":"13137","link":"http://2007.runescape.wikia.com/wiki/Kandarin_headgear_1","slotname":"headslot","level":{"attack":"0","strength":"0","defence":"0","hitpoints":"0","magic":"0","ranged":"0","prayer":"0"},"offence":{"stab":"0","slash":"0","crush":"0","ranged":"-1","magic":"-3"},"defence":{"stab":"4","slash":"5","crush":"3","ranged":"4","magic":"-1"},"others":{"strength":"0","ranged_strength":"0","magic_damage":"0","prayer":"0"},"hand":null,"ammo_type":null,"ammo_tier":null,"weapon_type":null},"45":{"name":"Kandarin headgear 2","id":"13138","link":"http://2007.runescape.wikia.com/wiki/Kandarin_headgear_2","slotname":"headslot","level":{"attack":"0","strength":"22","defence":"0","hitpoints":"0","magic":"45","ranged":"40","prayer":"0"},"offence":{"stab":"0","slash":"0","crush":"0","ranged":"-1","magic":"-3"},"defence":{"stab":"7","slash":"8","crush":"6","ranged":"7","magic":"-1"},"others":{"strength":"0","ranged_strength":"0","magic_damage":"0","prayer":"0"},"hand":null,"ammo_type":null,"ammo_tier":null,"weapon_type":null},"46":{"name":"Kandarin headgear 3","id":"13139","link":"http://2007.runescape.wikia.com/wiki/Kandarin_headgear_3","slotname":"headslot","level":{"attack":"0","strength":"50","defence":"70","hitpoints":"70","magic":"56","ranged":"40","prayer":"0"},"offence":{"stab":"0","slash":"0","crush":"0","ranged":"-1","magic":"-3"},"defence":{"stab":"9","slash":"10","crush":"8","ranged":"9","magic":"-1"},"others":{"strength":"0","ranged_strength":"0","magic_damage":"0","prayer":"0"},"hand":null,"ammo_type":null,"ammo_tier":null,"weapon_type":null},"47":{"name":"Kandarin headgear 4","id":"13140","link":"http://2007.runescape.wikia.com/wiki/Kandarin_headgear_4","slotname":"headslot","level":{"attack":"0","strength":"50","defence":"70","hitpoints":"70","magic":"87","ranged":"40","prayer":"0"},"offence":{"stab":"0","slash":"0","crush":"0","ranged":"-1","magic":"-3"},"defence":{"stab":"10","slash":"11","crush":"9","ranged":"10","magic":"-1"},"others":{"strength":"0","ranged_strength":"0","magic_damage":"0","prayer":"0"},"hand":null,"ammo_type":null,"ammo_tier":null,"weapon_type":null},"48":{"name":"Karil's coif","id":"4732","link":"http://2007.runescape.wikia.com/wiki/Karil%27s_coif","slotname":"headslot","level":{"attack":"0","strength":"0","defence":"70","hitpoints":"0","magic":"0","ranged":"70","prayer":"0"},"offence":{"stab":"0","slash":"0","crush":"0","ranged":"7","magic":"-3"},"defence":{"stab":"6","slash":"9","crush":"12","ranged":"10","magic":"6"},"others":{"strength":"0","ranged_strength":"0","magic_damage":"0","prayer":"0"},"hand":null,"ammo_type":null,"ammo_tier":null,"weapon_type":null},"49":{"name":"Khazard helmet","id":"74","link":"http://oldschoolrunescape.wikia.com/wiki/Khazard_helmet","slotname":"headslot","level":{"attack":"0","strength":"0","defence":"0","hitpoints":"0","magic":"0","ranged":"0","prayer":"0"},"offence":{"stab":"0","slash":"0","crush":"0","ranged":"0","magic":"0"},"defence":{"stab":"4","slash":"5","crush":"3","ranged":"0","magic":"0"},"others":{"strength":"0","ranged_strength":"0","magic_damage":"0","prayer":"0"},"hand":null,"ammo_type":null,"ammo_tier":null,"weapon_type":null},"50":{"name":"Leather cowl","id":"1167","link":"http://2007.runescape.wikia.com/wiki/Leather_cowl","slotname":"headslot","level":{"attack":"0","strength":"0","defence":"0","hitpoints":"0","magic":"0","ranged":"0","prayer":"0"},"offence":{"stab":"0","slash":"0","crush":"0","ranged":"1","magic":"0"},"defence":{"stab":"2","slash":"3","crush":"4","ranged":"3","magic":"2"},"others":{"strength":"0","ranged_strength":"0","magic_damage":"0","prayer":"0"},"hand":null,"ammo_type":null,"ammo_tier":null,"weapon_type":null},"51":{"name":"Light infinity hat","id":"12419","link":"http://2007.runescape.wikia.com/wiki/Light_infinity_hat","slotname":"headslot","level":{"attack":"0","strength":"0","defence":"25","hitpoints":"0","magic":"50","ranged":"0","prayer":"0"},"offence":{"stab":"0","slash":"0","crush":"0","ranged":"0","magic":"6"},"defence":{"stab":"0","slash":"0","crush":"0","ranged":"0","magic":"6"},"others":{"strength":"0","ranged_strength":"0","magic_damage":"0","prayer":"0"},"hand":null,"ammo_type":null,"ammo_tier":null,"weapon_type":null},"52":{"name":"Lunar helm","id":"16702","link":"http://2007.runescape.wikia.com/wiki/Lunar_helm","slotname":"headslot","level":{"attack":"0","strength":"0","defence":"40","hitpoints":"0","magic":"65","ranged":"0","prayer":"0"},"offence":{"stab":"0","slash":"0","crush":"0","ranged":"-2","magic":"3"},"defence":{"stab":"8","slash":"7","crush":"10","ranged":"0","magic":"2"},"others":{"strength":"0","ranged_strength":"0","magic_damage":"0","prayer":"0"},"hand":null,"ammo_type":null,"ammo_tier":null,"weapon_type":null},"53":{"name":"Magma helm","id":"13199","link":"http://oldschoolrunescape.wikia.com/wiki/Magma_helm","slotname":"headslot","level":{"attack":"0","strength":"0","defence":"75","hitpoints":"0","magic":"0","ranged":"0","prayer":"0"},"offence":{"stab":"0","slash":"0","crush":"0","ranged":"-5","magic":"-5"},"defence":{"stab":"52","slash":"55","crush":"58","ranged":"50","magic":"0"},"others":{"strength":"3","ranged_strength":"0","magic_damage":"0","prayer":"0"},"hand":null,"ammo_type":null,"ammo_tier":null,"weapon_type":null},"54":{"name":"Obsidian Helmet","id":"21298","link":"http://2007.runescape.wikia.com/wiki/Obsidian_helmet","slotname":"headslot","level":{"attack":"0","strength":"0","defence":"60","hitpoints":"0","magic":"0","ranged":"0","prayer":"0"},"offence":{"stab":"0","slash":"0","crush":"0","ranged":"0","magic":"0"},"defence":{"stab":"25","slash":"23","crush":"26","ranged":"24","magic":"0"},"others":{"strength":"3","ranged_strength":"0","magic_damage":"0","prayer":"0"},"hand":null,"ammo_type":null,"ammo_tier":null,"weapon_type":null},"55":{"name":"Proselyte sallet","id":"9672","link":"http://2007.runescape.wikia.com/wiki/Proselyte_sallet","slotname":"headslot","level":{"attack":"0","strength":"0","defence":"30","hitpoints":"0","magic":"0","ranged":"0","prayer":"20"},"offence":{"stab":"0","slash":"0","crush":"0","ranged":"-2","magic":"-6"},"defence":{"stab":"19","slash":"21","crush":"16","ranged":"19","magic":"-1"},"others":{"strength":"0","ranged_strength":"0","magic_damage":"0","prayer":"4"},"hand":null,"ammo_type":null,"ammo_tier":null,"weapon_type":null},"56":{"name":"Ram Skull Helm","id":"17459","link":"http://oldschoolrunescape.wikia.com/wiki/Ram_skull_helm","slotname":"headslot","level":{"attack":"0","strength":"0","defence":"30","hitpoints":"0","magic":"0","ranged":"0","prayer":"0"},"offence":{"stab":"0","slash":"0","crush":"0","ranged":"-2","magic":"0"},"defence":{"stab":"19","slash":"21","crush":"16","ranged":"19","magic":"0"},"others":{"strength":"0","ranged_strength":"0","magic_damage":"0","prayer":"0"},"hand":null,"ammo_type":null,"ammo_tier":null,"weapon_type":null},"57":{"name":"Robin hood hat","id":"2581","link":"http://2007.runescape.wikia.com/wiki/Robin_hood_hat","slotname":"headslot","level":{"attack":"0","strength":"0","defence":"0","hitpoints":"0","magic":"0","ranged":"40","prayer":"0"},"offence":{"stab":"0","slash":"0","crush":"0","ranged":"8","magic":"-10"},"defence":{"stab":"4","slash":"6","crush":"8","ranged":"4","magic":"4"},"others":{"strength":"0","ranged_strength":"0","magic_damage":"0","prayer":"0"},"hand":null,"ammo_type":null,"ammo_tier":null,"weapon_type":null},"58":{"name":"Rock-shell Helm","id":"18377","link":"http://oldschoolrunescape.wikia.com/wiki/Rock-shell_helm","slotname":"headslot","level":{"attack":"0","strength":"0","defence":"40","hitpoints":"0","magic":"0","ranged":"0","prayer":"0"},"offence":{"stab":"0","slash":"0","crush":"0","ranged":"-2","magic":"-6"},"defence":{"stab":"30","slash":"32","crush":"27","ranged":"30","magic":"-1"},"others":{"strength":"0","ranged_strength":"0","magic_damage":"0","prayer":"0"},"hand":null,"ammo_type":null,"ammo_tier":null,"weapon_type":null},"59":{"name":"Rogue Mask","id":"18427","link":"http://2007.runescape.wikia.com/wiki/Rogue_mask","slotname":"headslot","level":{"attack":"0","strength":"0","defence":"0","hitpoints":"0","magic":"0","ranged":"0","prayer":"0"},"offence":{"stab":"0","slash":"0","crush":"0","ranged":"0","magic":"0"},"defence":{"stab":"5","slash":"5","crush":"5","ranged":"5","magic":"5"},"others":{"strength":"0","ranged_strength":"0","magic_damage":"0","prayer":"0"},"hand":null,"ammo_type":null,"ammo_tier":null,"weapon_type":null},"60":{"name":"Serpentine helm","id":"12929","link":"http://2007.runescape.wikia.com/wiki/Serpentine_helm","slotname":"headslot","level":{"attack":"0","strength":"0","defence":"75","hitpoints":"0","magic":"0","ranged":"0","prayer":"0"},"offence":{"stab":"0","slash":"0","crush":"0","ranged":"-5","magic":"-5"},"defence":{"stab":"52","slash":"55","crush":"58","ranged":"50","magic":"0"},"others":{"strength":"3","ranged_strength":"0","magic_damage":"0","prayer":"0"},"hand":null,"ammo_type":null,"ammo_tier":null,"weapon_type":null},"61":{"name":"Skeletal helm","id":"18383","link":"http://oldschoolrunescape.wikia.com/wiki/Skeletal_helm","slotname":"headslot","level":{"attack":"0","strength":"0","defence":"40","hitpoints":"0","magic":"40","ranged":"0","prayer":"0"},"offence":{"stab":"0","slash":"0","crush":"0","ranged":"-2","magic":"2"},"defence":{"stab":"10","slash":"9","crush":"11","ranged":"0","magic":"3"},"others":{"strength":"0","ranged_strength":"0","magic_damage":"0","prayer":"0"},"hand":null,"ammo_type":null,"ammo_tier":null,"weapon_type":null},"62":{"name":"Slayer helmet","id":"11864","link":"http://2007.runescape.wikia.com/wiki/Slayer_helmet","slotname":"headslot","level":{"attack":"0","strength":"0","defence":"10","hitpoints":"0","magic":"0","ranged":"0","prayer":"0"},"offence":{"stab":"0","slash":"0","crush":"0","ranged":"-2","magic":"-6"},"defence":{"stab":"30","slash":"32","crush":"27","ranged":"30","magic":"-1"},"others":{"strength":"0","ranged_strength":"0","magic_damage":"0","prayer":"0"},"hand":null,"ammo_type":null,"ammo_tier":null,"weapon_type":null},"63":{"name":"Slayer helmet (black)","id":"19639","link":"http://2007.runescape.wikia.com/wiki/Slayer_helmet","slotname":"headslot","level":{"attack":"0","strength":"0","defence":"10","hitpoints":"0","magic":"0","ranged":"0","prayer":"0"},"offence":{"stab":"0","slash":"0","crush":"0","ranged":"-2","magic":"-6"},"defence":{"stab":"30","slash":"32","crush":"27","ranged":"30","magic":"-1"},"others":{"strength":"0","ranged_strength":"0","magic_damage":"0","prayer":"0"},"hand":null,"ammo_type":null,"ammo_tier":null,"weapon_type":null},"64":{"name":"Slayer helmet (green)","id":"19643","link":"http://2007.runescape.wikia.com/wiki/Slayer_helmet","slotname":"headslot","level":{"attack":"0","strength":"0","defence":"10","hitpoints":"0","magic":"0","ranged":"0","prayer":"0"},"offence":{"stab":"0","slash":"0","crush":"0","ranged":"-2","magic":"-6"},"defence":{"stab":"30","slash":"32","crush":"27","ranged":"30","magic":"-1"},"others":{"strength":"0","ranged_strength":"0","magic_damage":"0","prayer":"0"},"hand":null,"ammo_type":null,"ammo_tier":null,"weapon_type":null},"65":{"name":"Slayer helmet (i)","id":"11865","link":"http://2007.runescape.wikia.com/wiki/Slayer_helmet_(i)","slotname":"headslot","level":{"attack":"0","strength":"0","defence":"10","hitpoints":"0","magic":"0","ranged":"0","prayer":"0"},"offence":{"stab":"0","slash":"0","crush":"0","ranged":"3","magic":"3"},"defence":{"stab":"30","slash":"32","crush":"27","ranged":"30","magic":"10"},"others":{"strength":"0","ranged_strength":"0","magic_damage":"0","prayer":"0"},"hand":null,"ammo_type":null,"ammo_tier":null,"weapon_type":null},"66":{"name":"Slayer helmet (i)(black)","id":"19641","link":"http://2007.runescape.wikia.com/wiki/Slayer_helmet_(i)","slotname":"headslot","level":{"attack":"0","strength":"0","defence":"10","hitpoints":"0","magic":"0","ranged":"0","prayer":"0"},"offence":{"stab":"0","slash":"0","crush":"0","ranged":"3","magic":"3"},"defence":{"stab":"30","slash":"32","crush":"27","ranged":"30","magic":"10"},"others":{"strength":"0","ranged_strength":"0","magic_damage":"0","prayer":"0"},"hand":null,"ammo_type":null,"ammo_tier":null,"weapon_type":null},"67":{"name":"Slayer helmet (i)(green)","id":"19645","link":"http://2007.runescape.wikia.com/wiki/Slayer_helmet_(i)","slotname":"headslot","level":{"attack":"0","strength":"0","defence":"10","hitpoints":"0","magic":"0","ranged":"0","prayer":"0"},"offence":{"stab":"0","slash":"0","crush":"0","ranged":"3","magic":"3"},"defence":{"stab":"30","slash":"32","crush":"27","ranged":"30","magic":"10"},"others":{"strength":"0","ranged_strength":"0","magic_damage":"0","prayer":"0"},"hand":null,"ammo_type":null,"ammo_tier":null,"weapon_type":null},"68":{"name":"Slayer helmet (i)(red)","id":"19649","link":"http://2007.runescape.wikia.com/wiki/Slayer_helmet_(i)","slotname":"headslot","level":{"attack":"0","strength":"0","defence":"10","hitpoints":"0","magic":"0","ranged":"0","prayer":"0"},"offence":{"stab":"0","slash":"0","crush":"0","ranged":"3","magic":"3"},"defence":{"stab":"30","slash":"32","crush":"27","ranged":"30","magic":"10"},"others":{"strength":"0","ranged_strength":"0","magic_damage":"0","prayer":"0"},"hand":null,"ammo_type":null,"ammo_tier":null,"weapon_type":null},"69":{"name":"Slayer helmet (red)","id":"19647","link":"http://2007.runescape.wikia.com/wiki/Slayer_helmet","slotname":"headslot","level":{"attack":"0","strength":"0","defence":"10","hitpoints":"0","magic":"0","ranged":"0","prayer":"0"},"offence":{"stab":"0","slash":"0","crush":"0","ranged":"-2","magic":"-6"},"defence":{"stab":"30","slash":"32","crush":"27","ranged":"30","magic":"-1"},"others":{"strength":"0","ranged_strength":"0","magic_damage":"0","prayer":"0"},"hand":null,"ammo_type":null,"ammo_tier":null,"weapon_type":null},"70":{"name":"Spined helm","id":"18380","link":"http://oldschoolrunescape.wikia.com/wiki/Spined_helm","slotname":"headslot","level":{"attack":"0","strength":"0","defence":"40","hitpoints":"0","magic":"0","ranged":"40","prayer":"0"},"offence":{"stab":"-6","slash":"-6","crush":"-6","ranged":"6","magic":"-6"},"defence":{"stab":"6","slash":"6","crush":"6","ranged":"0","magic":"6"},"others":{"strength":"0","ranged_strength":"0","magic_damage":"0","prayer":"0"},"hand":null,"ammo_type":null,"ammo_tier":null,"weapon_type":null},"71":{"name":"Spiny helmet","id":"4551","link":"http://oldschoolrunescape.wikia.com/wiki/Spiny_helmet","slotname":"headslot","level":{"attack":"0","strength":"0","defence":"5","hitpoints":"0","magic":"0","ranged":"0","prayer":"0"},"offence":{"stab":"0","slash":"0","crush":"0","ranged":"-2","magic":"-6"},"defence":{"stab":"9","slash":"10","crush":"7","ranged":"9","magic":"-1"},"others":{"strength":"0","ranged_strength":"0","magic_damage":"0","prayer":"0"},"hand":null,"ammo_type":null,"ammo_tier":null,"weapon_type":null},"72":{"name":"Tanzanite helm","id":"13197","link":"http://oldschoolrunescape.wikia.com/wiki/Tanzanite_helm","slotname":"headslot","level":{"attack":"0","strength":"0","defence":"75","hitpoints":"0","magic":"0","ranged":"0","prayer":"0"},"offence":{"stab":"0","slash":"0","crush":"0","ranged":"-5","magic":"-5"},"defence":{"stab":"52","slash":"55","crush":"58","ranged":"50","magic":"0"},"others":{"strength":"3","ranged_strength":"0","magic_damage":"0","prayer":"0"},"hand":null,"ammo_type":null,"ammo_tier":null,"weapon_type":null},"73":{"name":"Torag's helm","id":"4745","link":"http://2007.runescape.wikia.com/wiki/Torags_helm","slotname":"headslot","level":{"attack":"0","strength":"0","defence":"70","hitpoints":"0","magic":"0","ranged":"0","prayer":"0"},"offence":{"stab":"0","slash":"0","crush":"0","ranged":"-2","magic":"-6"},"defence":{"stab":"55","slash":"58","crush":"54","ranged":"62","magic":"-1"},"others":{"strength":"0","ranged_strength":"0","magic_damage":"0","prayer":"0"},"hand":null,"ammo_type":null,"ammo_tier":null,"weapon_type":null},"74":{"name":"Tyras helm","id":"9629","link":"http://oldschoolrunescape.wikia.com/wiki/Tyras_helm","slotname":"headslot","level":{"attack":"0","strength":"0","defence":"5","hitpoints":"0","magic":"0","ranged":"0","prayer":"0"},"offence":{"stab":"0","slash":"0","crush":"0","ranged":"-2","magic":"-6"},"defence":{"stab":"9","slash":"10","crush":"7","ranged":"9","magic":"-1"},"others":{"strength":"0","ranged_strength":"0","magic_damage":"0","prayer":"0"},"hand":null,"ammo_type":null,"ammo_tier":null,"weapon_type":null},"75":{"name":"Verac's helm","id":"4753","link":"http://2007.runescape.wikia.com/wiki/Verac%27s_helm","slotname":"headslot","level":{"attack":"0","strength":"0","defence":"70","hitpoints":"0","magic":"0","ranged":"0","prayer":"0"},"offence":{"stab":"0","slash":"0","crush":"0","ranged":"-2","magic":"-6"},"defence":{"stab":"55","slash":"58","crush":"54","ranged":"56","magic":"0"},"others":{"strength":"0","ranged_strength":"0","magic_damage":"0","prayer":"3"},"hand":null,"ammo_type":null,"ammo_tier":null,"weapon_type":null},"76":{"name":"Void Mage Helm","id":"11663","link":"http://oldschoolrunescape.wikia.com/wiki/Void_mage_helm","slotname":"headslot","level":{"attack":"42","strength":"42","defence":"42","hitpoints":"42","magic":"42","ranged":"42","prayer":"22"},"offence":{"stab":"0","slash":"0","crush":"0","ranged":"0","magic":"0"},"defence":{"stab":"6","slash":"6","crush":"6","ranged":"6","magic":"6"},"others":{"strength":"0","ranged_strength":"0","magic_damage":"0","prayer":"0"},"hand":null,"ammo_type":null,"ammo_tier":null,"weapon_type":null},"77":{"name":"Void Melee Helm","id":"11665","link":"http://oldschoolrunescape.wikia.com/wiki/Void_melee_helm","slotname":"headslot","level":{"attack":"42","strength":"42","defence":"42","hitpoints":"42","magic":"42","ranged":"42","prayer":"22"},"offence":{"stab":"0","slash":"0","crush":"0","ranged":"0","magic":"0"},"defence":{"stab":"6","slash":"6","crush":"6","ranged":"6","magic":"6"},"others":{"strength":"0","ranged_strength":"0","magic_damage":"0","prayer":"0"},"hand":null,"ammo_type":null,"ammo_tier":null,"weapon_type":null},"78":{"name":"Void Ranger Helm","id":"11664","link":"http://oldschoolrunescape.wikia.com/wiki/Void_ranger_helm","slotname":"headslot","level":{"attack":"42","strength":"42","defence":"42","hitpoints":"42","magic":"42","ranged":"42","prayer":"22"},"offence":{"stab":"0","slash":"0","crush":"0","ranged":"0","magic":"0"},"defence":{"stab":"6","slash":"6","crush":"6","ranged":"6","magic":"6"},"others":{"strength":"0","ranged_strength":"0","magic_damage":"0","prayer":"0"},"hand":null,"ammo_type":null,"ammo_tier":null,"weapon_type":null},"79":{"name":"Warrior Helm","id":"16756","link":"http://2007.runescape.wikia.com/wiki/Warrior_helm","slotname":"headslot","level":{"attack":"0","strength":"0","defence":"45","hitpoints":"0","magic":"0","ranged":"0","prayer":"0"},"offence":{"stab":"0","slash":"5","crush":"0","ranged":"-5","magic":"-5"},"defence":{"stab":"31","slash":"33","crush":"29","ranged":"30","magic":"0"},"others":{"strength":"0","ranged_strength":"0","magic_damage":"0","prayer":"0"},"hand":null,"ammo_type":null,"ammo_tier":null,"weapon_type":null}}