{"0":{"name":"3rd age platelegs","id":"10346","link":"http://2007.runescape.wikia.com/wiki/3rd_age_platelegs","slotname":"legsslot","level":{"attack":"0","strength":"0","defence":"65","hitpoints":"0","magic":"0","ranged":"0","prayer":"0"},"offence":{"stab":"0","slash":"0","crush":"0","ranged":"-2","magic":"-25"},"defence":{"stab":"78","slash":"76","crush":"83","ranged":"75","magic":"-5"},"others":{"strength":"0","ranged_strength":"0","magic_damage":"0","prayer":"0"},"hand":null,"ammo_type":null,"ammo_tier":null,"weapon_type":null},"1":{"name":"3rd age range legs","id":"10332","link":"http://2007.runescape.wikia.com/wiki/3rd_age_range_legs","slotname":"legsslot","level":{"attack":"0","strength":"0","defence":"45","hitpoints":"0","magic":"0","ranged":"65","prayer":"0"},"offence":{"stab":"0","slash":"0","crush":"0","ranged":"17","magic":"-10"},"defence":{"stab":"31","slash":"25","crush":"33","ranged":"31","magic":"30"},"others":{"strength":"0","ranged_strength":"0","magic_damage":"0","prayer":"0"},"hand":null,"ammo_type":null,"ammo_tier":null,"weapon_type":null},"2":{"name":"3rd age robe","id":"10340","link":"http://2007.runescape.wikia.com/wiki/3rd_age_robe","slotname":"legsslot","level":{"attack":"0","strength":"0","defence":"30","hitpoints":"0","magic":"65","ranged":"0","prayer":"0"},"offence":{"stab":"0","slash":"0","crush":"0","ranged":"0","magic":"19"},"defence":{"stab":"0","slash":"0","crush":"0","ranged":"0","magic":"19"},"others":{"strength":"0","ranged_strength":"0","magic_damage":"0","prayer":"0"},"hand":null,"ammo_type":null,"ammo_tier":null,"weapon_type":null},"3":{"name":"Adamant platelegs","id":"1073","link":"http://2007.runescape.wikia.com/wiki/Adamant_platelegs","slotname":"legsslot","level":{"attack":"0","strength":"0","defence":"40","hitpoints":"0","magic":"0","ranged":"0","prayer":"0"},"offence":{"stab":"0","slash":"0","crush":"0","ranged":"-7","magic":"-21"},"defence":{"stab":"33","slash":"31","crush":"29","ranged":"31","magic":"-4"},"others":{"strength":"0","ranged_strength":"0","magic_damage":"0","prayer":"0"},"hand":null,"ammo_type":null,"ammo_tier":null,"weapon_type":null},"4":{"name":"Adamant plateskirt","id":"1091","link":"http://2007.runescape.wikia.com/wiki/Adamant_plateskirt","slotname":"legsslot","level":{"attack":"0","strength":"0","defence":"40","hitpoints":"0","magic":"0","ranged":"0","prayer":"0"},"offence":{"stab":"0","slash":"0","crush":"0","ranged":"-7","magic":"-21"},"defence":{"stab":"31","slash":"33","crush":"29","ranged":"31","magic":"-4"},"others":{"strength":"0","ranged_strength":"0","magic_damage":"0","prayer":"0"},"hand":null,"ammo_type":null,"ammo_tier":null,"weapon_type":null},"5":{"name":"Ahrim's robeskirt","id":"4714","link":"http://2007.runescape.wikia.com/wiki/Ahrim%27s_robeskirt","slotname":"legsslot","level":{"attack":"0","strength":"0","defence":"70","hitpoints":"0","magic":"70","ranged":"0","prayer":"0"},"offence":{"stab":"0","slash":"0","crush":"0","ranged":"-7","magic":"22"},"defence":{"stab":"33","slash":"30","crush":"36","ranged":"0","magic":"22"},"others":{"strength":"0","ranged_strength":"0","magic_damage":"0","prayer":"0"},"hand":null,"ammo_type":null,"ammo_tier":null,"weapon_type":null},"6":{"name":"Ancestral robe bottom\r\n","id":"21024","link":"http://2007.runescape.wikia.com/wiki/Ancestral_robe_bottom","slotname":"legsslot","level":{"attack":"0","strength":"0","defence":"65","hitpoints":"0","magic":"75","ranged":"0","prayer":"0"},"offence":{"stab":"0","slash":"0","crush":"0","ranged":"-7","magic":"26"},"defence":{"stab":"27","slash":"24","crush":"30","ranged":"0","magic":"20"},"others":{"strength":null,"ranged_strength":null,"magic_damage":"2","prayer":null},"hand":null,"ammo_type":null,"ammo_tier":null,"weapon_type":null},"7":{"name":"Ancient robe legs","id":"12195","link":"http://2007.runescape.wikia.com/wiki/Ancient_robe_legs","slotname":"legsslot","level":{"attack":"0","strength":"0","defence":"0","hitpoints":"0","magic":"0","ranged":"0","prayer":"20"},"offence":{"stab":"0","slash":"0","crush":"0","ranged":"0","magic":"4"},"defence":{"stab":"0","slash":"0","crush":"0","ranged":"0","magic":"4"},"others":{"strength":"0","ranged_strength":"0","magic_damage":"0","prayer":"5"},"hand":null,"ammo_type":null,"ammo_tier":null,"weapon_type":null},"8":{"name":"Armadyl chainskirt","id":"11830","link":"http://2007.runescape.wikia.com/wiki/Armadyl_chainskirt","slotname":"legsslot","level":{"attack":"0","strength":"0","defence":"70","hitpoints":"0","magic":"0","ranged":"70","prayer":"0"},"offence":{"stab":"-6","slash":"-6","crush":"-6","ranged":"20","magic":"-10"},"defence":{"stab":"32","slash":"26","crush":"34","ranged":"33","magic":"40"},"others":{"strength":"0","ranged_strength":"0","magic_damage":"0","prayer":"1"},"hand":null,"ammo_type":null,"ammo_tier":null,"weapon_type":null},"9":{"name":"Bandos tassets","id":"11834","link":"http://2007.runescape.wikia.com/wiki/Bandos_tassets","slotname":"legsslot","level":{"attack":"0","strength":"0","defence":"65","hitpoints":"0","magic":"0","ranged":"0","prayer":"0"},"offence":{"stab":"0","slash":"0","crush":"0","ranged":"-7","magic":"-21"},"defence":{"stab":"71","slash":"63","crush":"66","ranged":"93","magic":"-4"},"others":{"strength":"2","ranged_strength":"0","magic_damage":"0","prayer":"1"},"hand":null,"ammo_type":null,"ammo_tier":null,"weapon_type":null},"10":{"name":"Black d'hide chaps","id":"2497","link":"http://2007.runescape.wikia.com/wiki/Black_d%27hide_chaps","slotname":"legsslot","level":{"attack":"0","strength":"0","defence":"0","hitpoints":"0","magic":"0","ranged":"70","prayer":"0"},"offence":{"stab":"0","slash":"0","crush":"0","ranged":"17","magic":"-10"},"defence":{"stab":"31","slash":"25","crush":"33","ranged":"31","magic":"28"},"others":{"strength":"0","ranged_strength":"0","magic_damage":"0","prayer":"0"},"hand":null,"ammo_type":null,"ammo_tier":null,"weapon_type":null},"11":{"name":"Black platelegs","id":"1077","link":"http://2007.runescape.wikia.com/wiki/Black_platelegs","slotname":"legsslot","level":{"attack":"0","strength":"0","defence":"10","hitpoints":"0","magic":"0","ranged":"0","prayer":"0"},"offence":{"stab":"0","slash":"0","crush":"0","ranged":"-7","magic":"-21"},"defence":{"stab":"21","slash":"20","crush":"19","ranged":"20","magic":"-4"},"others":{"strength":"0","ranged_strength":"0","magic_damage":"0","prayer":"0"},"hand":null,"ammo_type":null,"ammo_tier":null,"weapon_type":null},"12":{"name":"Black plateskirt","id":"1089","link":"http://2007.runescape.wikia.com/wiki/Black_plateskirt","slotname":"legsslot","level":{"attack":"0","strength":"0","defence":"10","hitpoints":"0","magic":"0","ranged":"0","prayer":"0"},"offence":{"stab":"0","slash":"0","crush":"0","ranged":"-7","magic":"-21"},"defence":{"stab":"21","slash":"20","crush":"19","ranged":"20","magic":"-4"},"others":{"strength":"0","ranged_strength":"0","magic_damage":"0","prayer":"0"},"hand":null,"ammo_type":null,"ammo_tier":null,"weapon_type":null},"13":{"name":"Blue d'hide chaps","id":"2493","link":"http://2007.runescape.wikia.com/wiki/Blue_d%27hide_chaps","slotname":"legsslot","level":{"attack":"0","strength":"0","defence":"0","hitpoints":"0","magic":"0","ranged":"50","prayer":"0"},"offence":{"stab":"0","slash":"0","crush":"0","ranged":"11","magic":"-10"},"defence":{"stab":"25","slash":"19","crush":"27","ranged":"25","magic":"14"},"others":{"strength":"0","ranged_strength":"0","magic_damage":"0","prayer":"0"},"hand":null,"ammo_type":null,"ammo_tier":null,"weapon_type":null},"14":{"name":"Bronze platelegs","id":"1075","link":"http://2007.runescape.wikia.com/wiki/Bronze_platelegs","slotname":"legsslot","level":{"attack":"0","strength":"0","defence":"0","hitpoints":"0","magic":"0","ranged":"0","prayer":"0"},"offence":{"stab":"0","slash":"0","crush":"0","ranged":"-7","magic":"-21"},"defence":{"stab":"8","slash":"7","crush":"6","ranged":"7","magic":"-4"},"others":{"strength":"0","ranged_strength":"0","magic_damage":"0","prayer":"0"},"hand":null,"ammo_type":null,"ammo_tier":null,"weapon_type":null},"15":{"name":"Bronze plateskirt","id":"1087","link":"http://2007.runescape.wikia.com/wiki/Bronze_plateskirt","slotname":"legsslot","level":{"attack":"0","strength":"0","defence":"0","hitpoints":"0","magic":"0","ranged":"0","prayer":"0"},"offence":{"stab":"0","slash":"0","crush":"0","ranged":"-7","magic":"-21"},"defence":{"stab":"8","slash":"7","crush":"6","ranged":"7","magic":"-4"},"others":{"strength":"0","ranged_strength":"0","magic_damage":"0","prayer":"0"},"hand":null,"ammo_type":null,"ammo_tier":null,"weapon_type":null},"16":{"name":"Dark infinity bottoms","id":"12459","link":"http://2007.runescape.wikia.com/wiki/Dark_infinity_bottoms","slotname":"legsslot","level":{"attack":"0","strength":"0","defence":"25","hitpoints":"0","magic":"50","ranged":"0","prayer":"0"},"offence":{"stab":"0","slash":"0","crush":"0","ranged":"0","magic":"17"},"defence":{"stab":"0","slash":"0","crush":"0","ranged":"0","magic":"17"},"others":{"strength":"0","ranged_strength":"0","magic_damage":"0","prayer":"0"},"hand":null,"ammo_type":null,"ammo_tier":null,"weapon_type":null},"17":{"name":"Decorative magic robe legs","id":"15649","link":"http://2007.runescape.wikia.com/wiki/Decorative_magic_robe_legs","slotname":"legsslot","level":{"attack":"0","strength":"0","defence":"0","hitpoints":"0","magic":"20","ranged":"0","prayer":"0"},"offence":{"stab":"0","slash":"0","crush":"0","ranged":"0","magic":"0"},"defence":{"stab":"15","slash":"15","crush":"15","ranged":"15","magic":"15"},"others":{"strength":"0","ranged_strength":"0","magic_damage":"0","prayer":"0"},"hand":null,"ammo_type":null,"ammo_tier":null,"weapon_type":null},"18":{"name":"Decorative range legs","id":"15652","link":"http://2007.runescape.wikia.com/wiki/Decorative_range_legs","slotname":"legsslot","level":{"attack":"0","strength":"0","defence":"0","hitpoints":"0","magic":"0","ranged":"30","prayer":"0"},"offence":{"stab":"0","slash":"0","crush":"0","ranged":"0","magic":"0"},"defence":{"stab":"15","slash":"15","crush":"15","ranged":"15","magic":"15"},"others":{"strength":"0","ranged_strength":"0","magic_damage":"0","prayer":"0"},"hand":null,"ammo_type":null,"ammo_tier":null,"weapon_type":null},"19":{"name":"Dharok's platelegs","id":"4722","link":"http://2007.runescape.wikia.com/wiki/Dharok%27s_platelegs","slotname":"legsslot","level":{"attack":"0","strength":"0","defence":"70","hitpoints":"0","magic":"0","ranged":"0","prayer":"0"},"offence":{"stab":"0","slash":"0","crush":"0","ranged":"-7","magic":"-21"},"defence":{"stab":"85","slash":"82","crush":"83","ranged":"92","magic":"-4"},"others":{"strength":"0","ranged_strength":"0","magic_damage":"0","prayer":"0"},"hand":null,"ammo_type":null,"ammo_tier":null,"weapon_type":null},"20":{"name":"Dragon platelegs","id":"4087","link":"http://2007.runescape.wikia.com/wiki/Dragon_platelegs","slotname":"legsslot","level":{"attack":"0","strength":"0","defence":"60","hitpoints":"0","magic":"0","ranged":"0","prayer":"0"},"offence":{"stab":"0","slash":"0","crush":"0","ranged":"-7","magic":"-21"},"defence":{"stab":"68","slash":"66","crush":"63","ranged":"65","magic":"-4"},"others":{"strength":"0","ranged_strength":"0","magic_damage":"0","prayer":"0"},"hand":null,"ammo_type":null,"ammo_tier":null,"weapon_type":null},"21":{"name":"Dragon plateskirt","id":"4585","link":"http://2007.runescape.wikia.com/wiki/Dragon_plateskirt","slotname":"legsslot","level":{"attack":"0","strength":"0","defence":"60","hitpoints":"0","magic":"0","ranged":"0","prayer":"0"},"offence":{"stab":"0","slash":"0","crush":"0","ranged":"-7","magic":"-21"},"defence":{"stab":"68","slash":"66","crush":"63","ranged":"65","magic":"-4"},"others":{"strength":"0","ranged_strength":"0","magic_damage":"0","prayer":"0"},"hand":null,"ammo_type":null,"ammo_tier":null,"weapon_type":null},"22":{"name":"Elder chaos robe","id":"20520","link":"http://2007.runescape.wikia.com/wiki/Elder_chaos_robe","slotname":"legsslot","level":{"attack":"0","strength":"0","defence":"0","hitpoints":"0","magic":"40","ranged":"0","prayer":"0"},"offence":{"stab":"0","slash":"0","crush":"0","ranged":"0","magic":"6"},"defence":{"stab":"0","slash":"0","crush":"0","ranged":"0","magic":"6"},"others":{"strength":"0","ranged_strength":"0","magic_damage":"0","prayer":"0"},"hand":null,"ammo_type":null,"ammo_tier":null,"weapon_type":null},"23":{"name":"Enchanted robe","id":"7398","link":"http://2007.runescape.wikia.com/wiki/Enchanted_robe","slotname":"legsslot","level":{"attack":"0","strength":"0","defence":"20","hitpoints":"0","magic":"40","ranged":"0","prayer":"0"},"offence":{"stab":"0","slash":"0","crush":"0","ranged":"0","magic":"15"},"defence":{"stab":"0","slash":"0","crush":"0","ranged":"0","magic":"15"},"others":{"strength":"0","ranged_strength":"0","magic_damage":"0","prayer":"0"},"hand":null,"ammo_type":null,"ammo_tier":null,"weapon_type":null},"24":{"name":"Frog-leather chaps","id":"10956","link":"http://2007.runescape.wikia.com/wiki/Frog-leather_chaps","slotname":"legsslot","level":{"attack":"0","strength":"0","defence":"25","hitpoints":"0","magic":"0","ranged":"25","prayer":"0"},"offence":{"stab":"0","slash":"0","crush":"0","ranged":"2","magic":"-5"},"defence":{"stab":"7","slash":"7","crush":"9","ranged":"9","magic":"4"},"others":{"strength":"0","ranged_strength":"0","magic_damage":"0","prayer":"0"},"hand":null,"ammo_type":null,"ammo_tier":null,"weapon_type":null},"25":{"name":"Gold decorative legs","id":"15636","link":"http://2007.runescape.wikia.com/wiki/Gold_decorative_legs","slotname":"legsslot","level":{"attack":"0","strength":"0","defence":"30","hitpoints":"0","magic":"0","ranged":"0","prayer":"0"},"offence":{"stab":"0","slash":"0","crush":"0","ranged":"-7","magic":"-21"},"defence":{"stab":"33","slash":"31","crush":"29","ranged":"31","magic":"-4"},"others":{"strength":"0","ranged_strength":"0","magic_damage":"0","prayer":"0"},"hand":null,"ammo_type":null,"ammo_tier":null,"weapon_type":null},"26":{"name":"Granite legs","id":"6809","link":"http://2007.runescape.wikia.com/wiki/Granite_legs","slotname":"legsslot","level":{"attack":"0","strength":"50","defence":"50","hitpoints":"0","magic":"0","ranged":"0","prayer":"0"},"offence":{"stab":"0","slash":"0","crush":"0","ranged":"-18","magic":"-31"},"defence":{"stab":"43","slash":"45","crush":"41","ranged":"68","magic":"-4"},"others":{"strength":"0","ranged_strength":"0","magic_damage":"0","prayer":"0"},"hand":null,"ammo_type":null,"ammo_tier":null,"weapon_type":null},"27":{"name":"Green d'hide chaps","id":"1099","link":"http://2007.runescape.wikia.com/wiki/Green_d%27hide_chaps","slotname":"legsslot","level":{"attack":"0","strength":"0","defence":"0","hitpoints":"0","magic":"0","ranged":"40","prayer":"0"},"offence":{"stab":"0","slash":"0","crush":"0","ranged":"8","magic":"-10"},"defence":{"stab":"22","slash":"16","crush":"24","ranged":"22","magic":"8"},"others":{"strength":"0","ranged_strength":"0","magic_damage":"0","prayer":"0"},"hand":null,"ammo_type":null,"ammo_tier":null,"weapon_type":null},"28":{"name":"Guthan's chainskirt","id":"4730","link":"http://2007.runescape.wikia.com/wiki/Guthan%27s_chainskirt","slotname":"legsslot","level":{"attack":"0","strength":"0","defence":"70","hitpoints":"0","magic":"0","ranged":"0","prayer":"0"},"offence":{"stab":"0","slash":"0","crush":"0","ranged":"-7","magic":"-14"},"defence":{"stab":"75","slash":"72","crush":"73","ranged":"82","magic":"-4"},"others":{"strength":"0","ranged_strength":"0","magic_damage":"0","prayer":"0"},"hand":null,"ammo_type":null,"ammo_tier":null,"weapon_type":null},"29":{"name":"Infinity bottoms","id":"6924","link":"http://2007.runescape.wikia.com/wiki/Infinity_bottoms","slotname":"legsslot","level":{"attack":"0","strength":"0","defence":"25","hitpoints":"0","magic":"50","ranged":"0","prayer":"0"},"offence":{"stab":"0","slash":"0","crush":"0","ranged":"0","magic":"17"},"defence":{"stab":"0","slash":"0","crush":"0","ranged":"0","magic":"17"},"others":{"strength":"0","ranged_strength":"0","magic_damage":"0","prayer":"0"},"hand":null,"ammo_type":null,"ammo_tier":null,"weapon_type":null},"30":{"name":"Initiate cuisse","id":"5576","link":"http://2007.runescape.wikia.com/wiki/Initiate_cuisse","slotname":"legsslot","level":{"attack":"0","strength":"0","defence":"20","hitpoints":"0","magic":"0","ranged":"0","prayer":"10"},"offence":{"stab":"0","slash":"0","crush":"0","ranged":"-7","magic":"-21"},"defence":{"stab":"24","slash":"22","crush":"20","ranged":"22","magic":"-4"},"others":{"strength":"0","ranged_strength":"0","magic_damage":"0","prayer":"5"},"hand":null,"ammo_type":null,"ammo_tier":null,"weapon_type":null},"31":{"name":"Iron platelegs","id":"1067","link":"http://2007.runescape.wikia.com/wiki/Iron_platelegs","slotname":"legsslot","level":{"attack":"0","strength":"0","defence":"0","hitpoints":"0","magic":"0","ranged":"0","prayer":"0"},"offence":{"stab":"0","slash":"0","crush":"0","ranged":"-7","magic":"-21"},"defence":{"stab":"11","slash":"10","crush":"10","ranged":"10","magic":"-4"},"others":{"strength":"0","ranged_strength":"0","magic_damage":"0","prayer":"0"},"hand":null,"ammo_type":null,"ammo_tier":null,"weapon_type":null},"32":{"name":"Iron plateskirt","id":"1081","link":"http://2007.runescape.wikia.com/wiki/Iron_plateskirt","slotname":"legsslot","level":{"attack":"0","strength":"0","defence":"0","hitpoints":"0","magic":"0","ranged":"0","prayer":"0"},"offence":{"stab":"0","slash":"0","crush":"0","ranged":"-7","magic":"-21"},"defence":{"stab":"11","slash":"10","crush":"10","ranged":"10","magic":"-4"},"others":{"strength":"0","ranged_strength":"0","magic_damage":"0","prayer":"0"},"hand":null,"ammo_type":null,"ammo_tier":null,"weapon_type":null},"33":{"name":"Karil's leatherskirt","id":"4738","link":"http://2007.runescape.wikia.com/wiki/Karil%27s_leatherskirt","slotname":"legsslot","level":{"attack":"0","strength":"0","defence":"70","hitpoints":"0","magic":"0","ranged":"70","prayer":"0"},"offence":{"stab":"0","slash":"0","crush":"0","ranged":"17","magic":"-10"},"defence":{"stab":"26","slash":"20","crush":"28","ranged":"33","magic":"35"},"others":{"strength":"0","ranged_strength":"0","magic_damage":"0","prayer":"0"},"hand":null,"ammo_type":null,"ammo_tier":null,"weapon_type":null},"34":{"name":"Leather chaps","id":"10956","link":"http://2007.runescape.wikia.com/wiki/Leather_chaps","slotname":"legsslot","level":{"attack":"0","strength":"0","defence":"0","hitpoints":"0","magic":"0","ranged":"0","prayer":"0"},"offence":{"stab":"0","slash":"0","crush":"0","ranged":"4","magic":"0"},"defence":{"stab":"2","slash":"2","crush":"1","ranged":"0","magic":"0"},"others":{"strength":"0","ranged_strength":"0","magic_damage":"0","prayer":"0"},"hand":null,"ammo_type":null,"ammo_tier":null,"weapon_type":null},"35":{"name":"Light infinity bottoms","id":"12421","link":"http://2007.runescape.wikia.com/wiki/Light_infinity_bottoms","slotname":"legsslot","level":{"attack":"0","strength":"0","defence":"25","hitpoints":"0","magic":"50","ranged":"0","prayer":"0"},"offence":{"stab":"0","slash":"0","crush":"0","ranged":"0","magic":"17"},"defence":{"stab":"0","slash":"0","crush":"0","ranged":"0","magic":"17"},"others":{"strength":"0","ranged_strength":"0","magic_damage":"0","prayer":"0"},"hand":null,"ammo_type":null,"ammo_tier":null,"weapon_type":null},"36":{"name":"Lunar legs","id":"9098","link":"http://2007.runescape.wikia.com/wiki/Lunar_legs","slotname":"legsslot","level":{"attack":"0","strength":"0","defence":"45","hitpoints":"0","magic":"65","ranged":"0","prayer":"0"},"offence":{"stab":"0","slash":"0","crush":"0","ranged":"-7","magic":"7"},"defence":{"stab":"20","slash":"19","crush":"23","ranged":"0","magic":"9"},"others":{"strength":"0","ranged_strength":"0","magic_damage":"0","prayer":"0"},"hand":null,"ammo_type":null,"ammo_tier":null,"weapon_type":null},"37":{"name":"Mithril platelegs","id":"1071","link":"http://2007.runescape.wikia.com/wiki/Mithril_platelegs","slotname":"legsslot","level":{"attack":"0","strength":"0","defence":"20","hitpoints":"0","magic":"0","ranged":"0","prayer":"0"},"offence":{"stab":"0","slash":"0","crush":"0","ranged":"-7","magic":"-21"},"defence":{"stab":"24","slash":"22","crush":"20","ranged":"22","magic":"-4"},"others":{"strength":"0","ranged_strength":"0","magic_damage":"0","prayer":"0"},"hand":null,"ammo_type":null,"ammo_tier":null,"weapon_type":null},"38":{"name":"Mithril plateskirt","id":"1085","link":"http://2007.runescape.wikia.com/wiki/Mithril_plateskirt","slotname":"legsslot","level":{"attack":"0","strength":"0","defence":"20","hitpoints":"0","magic":"0","ranged":"0","prayer":"0"},"offence":{"stab":"0","slash":"0","crush":"0","ranged":"-7","magic":"-21"},"defence":{"stab":"24","slash":"22","crush":"20","ranged":"22","magic":"-4"},"others":{"strength":"0","ranged_strength":"0","magic_damage":"0","prayer":"0"},"hand":null,"ammo_type":null,"ammo_tier":null,"weapon_type":null},"39":{"name":"Monk's robe (bottom)","id":"542","link":"http://2007.runescape.wikia.com/wiki/Monk%27s_robe_(bottom)","slotname":"legsslot","level":{"attack":"0","strength":"0","defence":"0","hitpoints":"0","magic":"0","ranged":"0","prayer":"0"},"offence":{"stab":"0","slash":"0","crush":"0","ranged":"0","magic":"0"},"defence":{"stab":"0","slash":"0","crush":"0","ranged":"0","magic":"0"},"others":{"strength":"0","ranged_strength":"0","magic_damage":"0","prayer":"5"},"hand":null,"ammo_type":null,"ammo_tier":null,"weapon_type":null},"40":{"name":"Morytania legs 1","id":"13112","link":"http://2007.runescape.wikia.com/wiki/Morytania_legs_1","slotname":"legsslot","level":{"attack":"0","strength":"0","defence":"0","hitpoints":"0","magic":"0","ranged":"0","prayer":"0"},"offence":{"stab":"0","slash":"0","crush":"0","ranged":"-7","magic":"-21"},"defence":{"stab":"11","slash":"10","crush":"10","ranged":"10","magic":"-4"},"others":{"strength":"0","ranged_strength":"0","magic_damage":"0","prayer":"0"},"hand":null,"ammo_type":null,"ammo_tier":null,"weapon_type":null},"41":{"name":"Morytania legs 2","id":"13113","link":"http://2007.runescape.wikia.com/wiki/Morytania_legs_2","slotname":"legsslot","level":{"attack":"0","strength":"0","defence":"0","hitpoints":"0","magic":"0","ranged":"0","prayer":"11"},"offence":{"stab":"0","slash":"0","crush":"0","ranged":"-7","magic":"-21"},"defence":{"stab":"17","slash":"16","crush":"15","ranged":"16","magic":"-4"},"others":{"strength":"0","ranged_strength":"0","magic_damage":"0","prayer":"0"},"hand":null,"ammo_type":null,"ammo_tier":null,"weapon_type":null},"42":{"name":"Morytania legs 3","id":"13114","link":"http://2007.runescape.wikia.com/wiki/Morytania_legs_3","slotname":"legsslot","level":{"attack":"0","strength":"0","defence":"70","hitpoints":"0","magic":"66","ranged":"0","prayer":"70"},"offence":{"stab":"0","slash":"0","crush":"0","ranged":"-7","magic":"-21"},"defence":{"stab":"24","slash":"22","crush":"20","ranged":"22","magic":"-4"},"others":{"strength":"0","ranged_strength":"0","magic_damage":"0","prayer":"0"},"hand":null,"ammo_type":null,"ammo_tier":null,"weapon_type":null},"43":{"name":"Morytania legs 4","id":"13115","link":"http://2007.runescape.wikia.com/wiki/Morytania_legs_4","slotname":"legsslot","level":{"attack":"0","strength":"76","defence":"70","hitpoints":"0","magic":"83","ranged":"0","prayer":"70"},"offence":{"stab":"0","slash":"0","crush":"0","ranged":"-7","magic":"-21"},"defence":{"stab":"33","slash":"31","crush":"29","ranged":"31","magic":"-4"},"others":{"strength":"0","ranged_strength":"0","magic_damage":"0","prayer":"0"},"hand":null,"ammo_type":null,"ammo_tier":null,"weapon_type":null},"44":{"name":"Mystic robe bottom","id":"4093","link":"http://2007.runescape.wikia.com/wiki/Mystic_robe_bottom","slotname":"legsslot","level":{"attack":"0","strength":"0","defence":"20","hitpoints":"0","magic":"40","ranged":"0","prayer":"0"},"offence":{"stab":"0","slash":"0","crush":"0","ranged":"0","magic":"15"},"defence":{"stab":"0","slash":"0","crush":"0","ranged":"0","magic":"15"},"others":{"strength":"0","ranged_strength":"0","magic_damage":"0","prayer":"0"},"hand":null,"ammo_type":null,"ammo_tier":null,"weapon_type":null},"45":{"name":"Obsidian Platelegs","id":"21304","link":"http://2007.runescape.wikia.com/wiki/Obsidian_platelegs","slotname":"legsslot","level":{"attack":"0","strength":"0","defence":"60","hitpoints":"0","magic":"0","ranged":"0","prayer":"0"},"offence":{"stab":"0","slash":"0","crush":"0","ranged":"0","magic":"0"},"defence":{"stab":"46","slash":"43","crush":"41","ranged":"40","magic":"-10"},"others":{"strength":"1","ranged_strength":"0","magic_damage":"0","prayer":"0"},"hand":null,"ammo_type":null,"ammo_tier":null,"weapon_type":null},"46":{"name":"Penance skirt","id":"10555","link":"http://2007.runescape.wikia.com/wiki/Penance_skirt","slotname":"legsslot","level":{"attack":"0","strength":"0","defence":"40","hitpoints":"0","magic":"0","ranged":"60","prayer":"0"},"offence":{"stab":"0","slash":"0","crush":"0","ranged":"15","magic":"-10"},"defence":{"stab":"26","slash":"21","crush":"28","ranged":"26","magic":"19"},"others":{"strength":"0","ranged_strength":"0","magic_damage":"0","prayer":"0"},"hand":null,"ammo_type":null,"ammo_tier":null,"weapon_type":null},"47":{"name":"Proselyte cuisse","id":"9676","link":"http://2007.runescape.wikia.com/wiki/Proselyte_cuisse","slotname":"legsslot","level":{"attack":"0","strength":"0","defence":"30","hitpoints":"0","magic":"0","ranged":"0","prayer":"20"},"offence":{"stab":"0","slash":"0","crush":"0","ranged":"-7","magic":"-21"},"defence":{"stab":"33","slash":"31","crush":"29","ranged":"31","magic":"-4"},"others":{"strength":"0","ranged_strength":"0","magic_damage":"0","prayer":"6"},"hand":null,"ammo_type":null,"ammo_tier":null,"weapon_type":null},"48":{"name":"Proselyte tasset","id":"9678","link":"http://2007.runescape.wikia.com/wiki/Proselyte_tasset","slotname":"legsslot","level":{"attack":"0","strength":"0","defence":"30","hitpoints":"0","magic":"0","ranged":"0","prayer":"20"},"offence":{"stab":"0","slash":"0","crush":"0","ranged":"-7","magic":"-21"},"defence":{"stab":"33","slash":"31","crush":"29","ranged":"31","magic":"-4"},"others":{"strength":"0","ranged_strength":"0","magic_damage":"0","prayer":"6"},"hand":null,"ammo_type":null,"ammo_tier":null,"weapon_type":null},"49":{"name":"Red d'hide chaps","id":"2495","link":"http://2007.runescape.wikia.com/wiki/Red_d%27hide_chaps","slotname":"legsslot","level":{"attack":"0","strength":"0","defence":"0","hitpoints":"0","magic":"0","ranged":"60","prayer":"0"},"offence":{"stab":"0","slash":"0","crush":"0","ranged":"14","magic":"-10"},"defence":{"stab":"28","slash":"22","crush":"30","ranged":"28","magic":"20"},"others":{"strength":"0","ranged_strength":"0","magic_damage":"0","prayer":"0"},"hand":null,"ammo_type":null,"ammo_tier":null,"weapon_type":null},"50":{"name":"Red decorative legs","id":"15626","link":"http://2007.runescape.wikia.com/wiki/Red_decorative_legs","slotname":"legsslot","level":{"attack":"0","strength":"0","defence":"5","hitpoints":"0","magic":"0","ranged":"0","prayer":"0"},"offence":{"stab":"0","slash":"0","crush":"0","ranged":"-7","magic":"-21"},"defence":{"stab":"17","slash":"16","crush":"15","ranged":"16","magic":"-4"},"others":{"strength":"0","ranged_strength":"0","magic_damage":"0","prayer":"0"},"hand":null,"ammo_type":null,"ammo_tier":null,"weapon_type":null},"51":{"name":"Rock-shell legs","id":"6130","link":"http://2007.runescape.wikia.com/wiki/Rock-shell_legs","slotname":"legsslot","level":{"attack":"0","strength":"0","defence":"40","hitpoints":"0","magic":"0","ranged":"0","prayer":"0"},"offence":{"stab":"0","slash":"0","crush":"0","ranged":"-7","magic":"-21"},"defence":{"stab":"51","slash":"49","crush":"47","ranged":"49","magic":"-4"},"others":{"strength":"0","ranged_strength":"0","magic_damage":"0","prayer":"0"},"hand":null,"ammo_type":null,"ammo_tier":null,"weapon_type":null},"52":{"name":"Rogue trousers","id":"18428","link":"http://2007.runescape.wikia.com/wiki/Rogue_trousers","slotname":"legsslot","level":{"attack":"0","strength":"0","defence":"0","hitpoints":"0","magic":"0","ranged":"0","prayer":"0"},"offence":{"stab":"0","slash":"0","crush":"0","ranged":"0","magic":"0"},"defence":{"stab":"7","slash":"7","crush":"7","ranged":"7","magic":"7"},"others":{"strength":"0","ranged_strength":"0","magic_damage":"0","prayer":"0"},"hand":null,"ammo_type":null,"ammo_tier":null,"weapon_type":null},"53":{"name":"Rune platelegs","id":"1079","link":"http://2007.runescape.wikia.com/wiki/Rune_platelegs","slotname":"legsslot","level":{"attack":"0","strength":"0","defence":"40","hitpoints":"0","magic":"0","ranged":"0","prayer":"0"},"offence":{"stab":"0","slash":"0","crush":"0","ranged":"-7","magic":"-21"},"defence":{"stab":"51","slash":"49","crush":"47","ranged":"49","magic":"-4"},"others":{"strength":"0","ranged_strength":"0","magic_damage":"0","prayer":"0"},"hand":null,"ammo_type":null,"ammo_tier":null,"weapon_type":null},"54":{"name":"Rune plateskirt","id":"1093","link":"http://2007.runescape.wikia.com/wiki/Rune_plateskirt","slotname":"legsslot","level":{"attack":"0","strength":"0","defence":"40","hitpoints":"0","magic":"0","ranged":"0","prayer":"0"},"offence":{"stab":"0","slash":"0","crush":"0","ranged":"-7","magic":"-21"},"defence":{"stab":"51","slash":"49","crush":"47","ranged":"49","magic":"-4"},"others":{"strength":"0","ranged_strength":"0","magic_damage":"0","prayer":"0"},"hand":null,"ammo_type":null,"ammo_tier":null,"weapon_type":null},"55":{"name":"Skeletal bottoms","id":"6141","link":"http://2007.runescape.wikia.com/wiki/Skeletal_bottoms","slotname":"legsslot","level":{"attack":"0","strength":"0","defence":"40","hitpoints":"0","magic":"40","ranged":"0","prayer":"0"},"offence":{"stab":"0","slash":"0","crush":"0","ranged":"-7","magic":"6"},"defence":{"stab":"22","slash":"20","crush":"24","ranged":"0","magic":"10"},"others":{"strength":"0","ranged_strength":"0","magic_damage":"0","prayer":"0"},"hand":null,"ammo_type":null,"ammo_tier":null,"weapon_type":null},"56":{"name":"Snakeskin chaps","id":"6324","link":"http://2007.runescape.wikia.com/wiki/Snakeskin_chaps","slotname":"legsslot","level":{"attack":"0","strength":"0","defence":"30","hitpoints":"0","magic":"0","ranged":"30","prayer":"0"},"offence":{"stab":"0","slash":"0","crush":"0","ranged":"6","magic":"-5"},"defence":{"stab":"8","slash":"8","crush":"10","ranged":"10","magic":"4"},"others":{"strength":"0","ranged_strength":"0","magic_damage":"0","prayer":"0"},"hand":null,"ammo_type":null,"ammo_tier":null,"weapon_type":null},"57":{"name":"Spined chaps","id":"6135","link":"http://2007.runescape.wikia.com/wiki/Spined_chaps","slotname":"legsslot","level":{"attack":"0","strength":"0","defence":"40","hitpoints":"0","magic":"0","ranged":"40","prayer":"0"},"offence":{"stab":"0","slash":"0","crush":"0","ranged":"8","magic":"-10"},"defence":{"stab":"22","slash":"16","crush":"24","ranged":"22","magic":"8"},"others":{"strength":"0","ranged_strength":"0","magic_damage":"0","prayer":"0"},"hand":null,"ammo_type":null,"ammo_tier":null,"weapon_type":null},"58":{"name":"Splitbark legs","id":"3389","link":"http://2007.runescape.wikia.com/wiki/Splitbark_legs","slotname":"legsslot","level":{"attack":"0","strength":"0","defence":"40","hitpoints":"0","magic":"40","ranged":"0","prayer":"0"},"offence":{"stab":"0","slash":"0","crush":"0","ranged":"-7","magic":"7"},"defence":{"stab":"22","slash":"20","crush":"25","ranged":"0","magic":"10"},"others":{"strength":"0","ranged_strength":"0","magic_damage":"0","prayer":"0"},"hand":null,"ammo_type":null,"ammo_tier":null,"weapon_type":null},"59":{"name":"Steel platelegs","id":"1069","link":"http://2007.runescape.wikia.com/wiki/Steel_platelegs","slotname":"legsslot","level":{"attack":"0","strength":"0","defence":"5","hitpoints":"0","magic":"0","ranged":"0","prayer":"0"},"offence":{"stab":"0","slash":"0","crush":"0","ranged":"-7","magic":"-21"},"defence":{"stab":"17","slash":"16","crush":"15","ranged":"16","magic":"-4"},"others":{"strength":"0","ranged_strength":"0","magic_damage":"0","prayer":"0"},"hand":null,"ammo_type":null,"ammo_tier":null,"weapon_type":null},"60":{"name":"Steel plateskirt","id":"1083","link":"http://2007.runescape.wikia.com/wiki/Steel_plateskirt","slotname":"legsslot","level":{"attack":"0","strength":"0","defence":"5","hitpoints":"0","magic":"0","ranged":"0","prayer":"0"},"offence":{"stab":"0","slash":"0","crush":"0","ranged":"-7","magic":"-21"},"defence":{"stab":"17","slash":"16","crush":"15","ranged":"16","magic":"-4"},"others":{"strength":"0","ranged_strength":"0","magic_damage":"0","prayer":"0"},"hand":null,"ammo_type":null,"ammo_tier":null,"weapon_type":null},"61":{"name":"Studded chaps","id":"1097","link":"http://2007.runescape.wikia.com/wiki/Studded_chaps","slotname":"legsslot","level":{"attack":"0","strength":"0","defence":"0","hitpoints":"0","magic":"0","ranged":"20","prayer":"0"},"offence":{"stab":"0","slash":"0","crush":"0","ranged":"6","magic":"-5"},"defence":{"stab":"15","slash":"16","crush":"17","ranged":"16","magic":"6"},"others":{"strength":"0","ranged_strength":"0","magic_damage":"0","prayer":"0"},"hand":null,"ammo_type":null,"ammo_tier":null,"weapon_type":null},"62":{"name":"Torag's platelegs","id":"4751","link":"http://2007.runescape.wikia.com/wiki/Torag%27s_platelegs","slotname":"legsslot","level":{"attack":"0","strength":"0","defence":"70","hitpoints":"0","magic":"0","ranged":"0","prayer":"0"},"offence":{"stab":"0","slash":"0","crush":"0","ranged":"-7","magic":"-21"},"defence":{"stab":"85","slash":"82","crush":"83","ranged":"92","magic":"-4"},"others":{"strength":"0","ranged_strength":"0","magic_damage":"0","prayer":"0"},"hand":null,"ammo_type":null,"ammo_tier":null,"weapon_type":null},"63":{"name":"Verac's plateskirt","id":"4759","link":"http://2007.runescape.wikia.com/wiki/Verac%27s_plateskirt","slotname":"legsslot","level":{"attack":"0","strength":"0","defence":"70","hitpoints":"0","magic":"0","ranged":"0","prayer":"0"},"offence":{"stab":"0","slash":"0","crush":"0","ranged":"-7","magic":"-21"},"defence":{"stab":"85","slash":"82","crush":"83","ranged":"84","magic":"0"},"others":{"strength":"0","ranged_strength":"0","magic_damage":"0","prayer":"4"},"hand":null,"ammo_type":null,"ammo_tier":null,"weapon_type":null},"64":{"name":"Void knight robe","id":"8840","link":"http://oldschoolrunescape.wikia.com/wiki/Void_knight_robe","slotname":"legsslot","level":{"attack":"42","strength":"42","defence":"42","hitpoints":"42","magic":"42","ranged":"42","prayer":"22"},"offence":{"stab":"0","slash":"0","crush":"0","ranged":"0","magic":"0"},"defence":{"stab":"30","slash":"30","crush":"30","ranged":"30","magic":"30"},"others":{"strength":"0","ranged_strength":"0","magic_damage":"0","prayer":"0"},"hand":null,"ammo_type":null,"ammo_tier":null,"weapon_type":null},"65":{"name":"Void knight Robe (elite)\r\n","id":"13073","link":"http://oldschoolrunescape.wikia.com/wiki/Void_knight_robe","slotname":"legsslot","level":{"attack":"42","strength":"42","defence":"42","hitpoints":"42","magic":"42","ranged":"42","prayer":"22"},"offence":{"stab":"0","slash":"0","crush":"0","ranged":"0","magic":"0"},"defence":{"stab":"30","slash":"30","crush":"30","ranged":"30","magic":"30"},"others":{"strength":"0","ranged_strength":"0","magic_damage":"0","prayer":"3"},"hand":null,"ammo_type":null,"ammo_tier":null,"weapon_type":null},"66":{"name":"White decorative legs","id":"15631","link":"http://2007.runescape.wikia.com/wiki/White_decorative_legs","slotname":"legsslot","level":{"attack":"0","strength":"0","defence":"0","hitpoints":"0","magic":"20","ranged":"0","prayer":"0"},"offence":{"stab":"0","slash":"0","crush":"0","ranged":"-7","magic":"-21"},"defence":{"stab":"24","slash":"22","crush":"20","ranged":"22","magic":"-4"},"others":{"strength":"0","ranged_strength":"0","magic_damage":"0","prayer":"0"},"hand":null,"ammo_type":null,"ammo_tier":null,"weapon_type":null},"67":{"name":"White platelegs","id":"6625","link":"http://2007.runescape.wikia.com/wiki/White_platelegs","slotname":"legsslot","level":{"attack":"0","strength":"0","defence":"10","hitpoints":"0","magic":"0","ranged":"0","prayer":"0"},"offence":{"stab":"0","slash":"0","crush":"0","ranged":"-7","magic":"-21"},"defence":{"stab":"21","slash":"20","crush":"19","ranged":"20","magic":"-4"},"others":{"strength":"0","ranged_strength":"0","magic_damage":"0","prayer":"1"},"hand":null,"ammo_type":null,"ammo_tier":null,"weapon_type":null},"68":{"name":"White plateskirt","id":"6627","link":"http://2007.runescape.wikia.com/wiki/White_plateskirt","slotname":"legsslot","level":{"attack":"0","strength":"0","defence":"10","hitpoints":"0","magic":"0","ranged":"0","prayer":"0"},"offence":{"stab":"0","slash":"0","crush":"0","ranged":"-7","magic":"-21"},"defence":{"stab":"21","slash":"20","crush":"19","ranged":"20","magic":"-4"},"others":{"strength":"0","ranged_strength":"0","magic_damage":"0","prayer":"1"},"hand":null,"ammo_type":null,"ammo_tier":null,"weapon_type":null},"69":{"name":"Xerician robe","id":"13389","link":"http://2007.runescape.wikia.com/wiki/Xerician_robe","slotname":"legsslot","level":{"attack":"0","strength":"0","defence":"10","hitpoints":"0","magic":"20","ranged":"0","prayer":"0"},"offence":{"stab":"0","slash":"0","crush":"0","ranged":"0","magic":"8"},"defence":{"stab":"0","slash":"0","crush":"0","ranged":"0","magic":"7"},"others":{"strength":"0","ranged_strength":"0","magic_damage":"0","prayer":"0"},"hand":null,"ammo_type":null,"ammo_tier":null,"weapon_type":null},"70":{"name":"Zamorak robe (bottom)","id":"16144","link":"http://2007.runescape.wikia.com/wiki/Zamorak_robe_(bottom)","slotname":"legsslot","level":{"attack":"0","strength":"0","defence":"0","hitpoints":"0","magic":"0","ranged":"0","prayer":"0"},"offence":{"stab":"0","slash":"0","crush":"0","ranged":"0","magic":"2"},"defence":{"stab":"0","slash":"0","crush":"0","ranged":"0","magic":"3"},"others":{"strength":"0","ranged_strength":"0","magic_damage":"0","prayer":"3"},"hand":null,"ammo_type":null,"ammo_tier":null,"weapon_type":null}}