{"0":{"name":"3rd age amulet","id":"10344","link":"http://2007.runescape.wikia.com/wiki/3rd_age_amulet","slotname":"neckslot","level":{"attack":"0","strength":"0","defence":"30","hitpoints":"0","magic":"65","ranged":"0","prayer":"0"},"offence":{"stab":"0","slash":"0","crush":"0","ranged":"0","magic":"15"},"defence":{"stab":"0","slash":"0","crush":"0","ranged":"0","magic":"10"},"others":{"strength":"0","ranged_strength":"0","magic_damage":"0","prayer":"0"},"hand":null,"ammo_type":null,"ammo_tier":null,"weapon_type":null},"1":{"name":"Amulet of accuracy","id":"1478","link":"http://2007.runescape.wikia.com/wiki/Amulet_of_accuracy","slotname":"neckslot","level":{"attack":"0","strength":"0","defence":"0","hitpoints":"0","magic":"0","ranged":"0","prayer":"0"},"offence":{"stab":"4","slash":"4","crush":"4","ranged":"4","magic":"4"},"defence":{"stab":"0","slash":"0","crush":"0","ranged":"0","magic":"0"},"others":{"strength":"0","ranged_strength":"0","magic_damage":"0","prayer":"0"},"hand":null,"ammo_type":null,"ammo_tier":null,"weapon_type":null},"2":{"name":"Amulet of defence","id":"1729","link":"http://2007.runescape.wikia.com/wiki/Amulet_of_defence","slotname":"neckslot","level":{"attack":"0","strength":"0","defence":"0","hitpoints":"0","magic":"0","ranged":"0","prayer":"0"},"offence":{"stab":"0","slash":"0","crush":"0","ranged":"0","magic":"0"},"defence":{"stab":"7","slash":"7","crush":"7","ranged":"7","magic":"7"},"others":{"strength":"0","ranged_strength":"0","magic_damage":"0","prayer":"0"},"hand":null,"ammo_type":null,"ammo_tier":null,"weapon_type":null},"3":{"name":"Amulet of fury","id":"6585","link":"http://2007.runescape.wikia.com/wiki/Amulet_of_fury","slotname":"neckslot","level":{"attack":"0","strength":"0","defence":"0","hitpoints":"0","magic":"0","ranged":"0","prayer":"0"},"offence":{"stab":"10","slash":"10","crush":"10","ranged":"10","magic":"10"},"defence":{"stab":"15","slash":"15","crush":"15","ranged":"15","magic":"15"},"others":{"strength":"8","ranged_strength":"0","magic_damage":"0","prayer":"5"},"hand":null,"ammo_type":null,"ammo_tier":null,"weapon_type":null},"4":{"name":"Amulet of glory","id":"1704","link":"http://2007.runescape.wikia.com/wiki/Amulet_of_glory","slotname":"neckslot","level":{"attack":"0","strength":"0","defence":"0","hitpoints":"0","magic":"0","ranged":"0","prayer":"0"},"offence":{"stab":"10","slash":"10","crush":"10","ranged":"10","magic":"10"},"defence":{"stab":"3","slash":"3","crush":"3","ranged":"3","magic":"3"},"others":{"strength":"6","ranged_strength":"0","magic_damage":"0","prayer":"3"},"hand":null,"ammo_type":null,"ammo_tier":null,"weapon_type":null},"5":{"name":"Amulet of magic","id":"1727","link":"http://2007.runescape.wikia.com/wiki/Amulet_of_magic","slotname":"neckslot","level":{"attack":"0","strength":"0","defence":"0","hitpoints":"0","magic":"0","ranged":"0","prayer":"0"},"offence":{"stab":"0","slash":"0","crush":"0","ranged":"0","magic":"10"},"defence":{"stab":"0","slash":"0","crush":"0","ranged":"0","magic":"0"},"others":{"strength":"0","ranged_strength":"0","magic_damage":"0","prayer":"0"},"hand":null,"ammo_type":null,"ammo_tier":null,"weapon_type":null},"6":{"name":"Amulet of power","id":"1731","link":"http://2007.runescape.wikia.com/wiki/Amulet_of_power","slotname":"neckslot","level":{"attack":"0","strength":"0","defence":"0","hitpoints":"0","magic":"0","ranged":"0","prayer":"0"},"offence":{"stab":"6","slash":"6","crush":"6","ranged":"6","magic":"6"},"defence":{"stab":"6","slash":"6","crush":"6","ranged":"6","magic":"6"},"others":{"strength":"6","ranged_strength":"0","magic_damage":"0","prayer":"1"},"hand":null,"ammo_type":null,"ammo_tier":null,"weapon_type":null},"7":{"name":"Amulet of strength","id":"1725","link":"http://2007.runescape.wikia.com/wiki/Amulet_of_strength","slotname":"neckslot","level":{"attack":"0","strength":"0","defence":"0","hitpoints":"0","magic":"0","ranged":"0","prayer":"0"},"offence":{"stab":"0","slash":"0","crush":"0","ranged":"0","magic":"0"},"defence":{"stab":"0","slash":"0","crush":"0","ranged":"0","magic":"0"},"others":{"strength":"10","ranged_strength":"0","magic_damage":"0","prayer":"0"},"hand":null,"ammo_type":null,"ammo_tier":null,"weapon_type":null},"8":{"name":"Amulet of the damned","id":"12851","link":"http://2007.runescape.wikia.com/wiki/Amulet_of_the_damned","slotname":"neckslot","level":{"attack":"0","strength":"0","defence":"0","hitpoints":"0","magic":"0","ranged":"0","prayer":"0"},"offence":{"stab":"10","slash":"10","crush":"10","ranged":"10","magic":"10"},"defence":{"stab":"3","slash":"3","crush":"3","ranged":"3","magic":"3"},"others":{"strength":"6","ranged_strength":"0","magic_damage":"0","prayer":"3"},"hand":null,"ammo_type":null,"ammo_tier":null,"weapon_type":null},"9":{"name":"Amulet of Torture","id":"19553","link":"http://2007.runescape.wikia.com/wiki/Amulet_of_torture","slotname":"neckslot","level":{"attack":"0","strength":"0","defence":"0","hitpoints":"75","magic":"0","ranged":"0","prayer":"0"},"offence":{"stab":"15","slash":"15","crush":"15","ranged":"0","magic":"0"},"defence":{"stab":"0","slash":"0","crush":"0","ranged":"0","magic":"0"},"others":{"strength":"10","ranged_strength":"0","magic_damage":"0","prayer":"2"},"hand":null,"ammo_type":null,"ammo_tier":null,"weapon_type":null},"10":{"name":"Ancient stole","id":"12201","link":"http://2007.runescape.wikia.com/wiki/Ancient_stole","slotname":"neckslot","level":{"attack":"0","strength":"0","defence":"0","hitpoints":"0","magic":"0","ranged":"0","prayer":"60"},"offence":{"stab":"0","slash":"0","crush":"0","ranged":"0","magic":"2"},"defence":{"stab":"0","slash":"0","crush":"0","ranged":"0","magic":"2"},"others":{"strength":"0","ranged_strength":"0","magic_damage":"0","prayer":"10"},"hand":null,"ammo_type":null,"ammo_tier":null,"weapon_type":null},"11":{"name":"Beads of the dead","id":"616","link":"http://2007.runescape.wikia.com/wiki/Beads_of_the_dead","slotname":"neckslot","level":{"attack":"0","strength":"0","defence":"0","hitpoints":"0","magic":"0","ranged":"0","prayer":"0"},"offence":{"stab":"1","slash":"1","crush":"1","ranged":"1","magic":"1"},"defence":{"stab":"1","slash":"1","crush":"1","ranged":"1","magic":"1"},"others":{"strength":"1","ranged_strength":"0","magic_damage":"0","prayer":"1"},"hand":null,"ammo_type":null,"ammo_tier":null,"weapon_type":null},"12":{"name":"Berserker necklace","id":"11128","link":"http://2007.runescape.wikia.com/wiki/Berserker_necklace","slotname":"neckslot","level":{"attack":"0","strength":"0","defence":"0","hitpoints":"0","magic":"0","ranged":"0","prayer":"0"},"offence":{"stab":"-10","slash":"-10","crush":"-10","ranged":"0","magic":"0"},"defence":{"stab":"-20","slash":"-20","crush":"-20","ranged":"-20","magic":"-20"},"others":{"strength":"7","ranged_strength":"0","magic_damage":"0","prayer":"3"},"hand":null,"ammo_type":null,"ammo_tier":null,"weapon_type":null},"13":{"name":"Dragonbone Necklace","id":"22111","link":"http://oldschoolrunescape.wikia.com/wiki/Dragonbone_necklace","slotname":"neckslot","level":{"attack":"0","strength":"0","defence":"0","hitpoints":"0","magic":"0","ranged":"0","prayer":"80"},"offence":{"stab":"0","slash":"0","crush":"0","ranged":"0","magic":"0"},"defence":{"stab":"0","slash":"0","crush":"0","ranged":"0","magic":"0"},"others":{"strength":"0","ranged_strength":"0","magic_damage":"0","prayer":"6"},"hand":null,"ammo_type":null,"ammo_tier":null,"weapon_type":null},"14":{"name":"Gnome amulet","id":"17648","link":"http://2007.runescape.wikia.com/wiki/Gnome_amulet","slotname":"neckslot","level":{"attack":"0","strength":"0","defence":"0","hitpoints":"0","magic":"0","ranged":"0","prayer":"0"},"offence":{"stab":"0","slash":"0","crush":"0","ranged":"0","magic":"0"},"defence":{"stab":"13","slash":"13","crush":"13","ranged":"0","magic":"0"},"others":{"strength":"0","ranged_strength":"0","magic_damage":"0","prayer":"0"},"hand":null,"ammo_type":null,"ammo_tier":null,"weapon_type":null},"15":{"name":"Holy symbol","id":"1718","link":"http://2007.runescape.wikia.com/wiki/Holy_symbol","slotname":"neckslot","level":{"attack":"0","strength":"0","defence":"0","hitpoints":"0","magic":"0","ranged":"0","prayer":"0"},"offence":{"stab":"0","slash":"0","crush":"0","ranged":"0","magic":"0"},"defence":{"stab":"2","slash":"2","crush":"2","ranged":"2","magic":"2"},"others":{"strength":"0","ranged_strength":"0","magic_damage":"0","prayer":"8"},"hand":null,"ammo_type":null,"ammo_tier":null,"weapon_type":null},"16":{"name":"Necklace of Anguish","id":"19547","link":"http://2007.runescape.wikia.com/wiki/Necklace_of_anguish","slotname":"neckslot","level":{"attack":"0","strength":"0","defence":"0","hitpoints":"75","magic":"0","ranged":"0","prayer":"0"},"offence":{"stab":"0","slash":"0","crush":"0","ranged":"15","magic":"0"},"defence":{"stab":"0","slash":"0","crush":"0","ranged":"0","magic":"0"},"others":{"strength":"0","ranged_strength":"5","magic_damage":"0","prayer":"2"},"hand":null,"ammo_type":null,"ammo_tier":null,"weapon_type":null},"17":{"name":"Occult necklace","id":"12002","link":"http://2007.runescape.wikia.com/wiki/Occult_necklace","slotname":"neckslot","level":{"attack":"0","strength":"0","defence":"0","hitpoints":"0","magic":"70","ranged":"0","prayer":"0"},"offence":{"stab":"0","slash":"0","crush":"0","ranged":"0","magic":"12"},"defence":{"stab":"0","slash":"0","crush":"0","ranged":"0","magic":"0"},"others":{"strength":"0","ranged_strength":"0","magic_damage":"10","prayer":"2"},"hand":null,"ammo_type":null,"ammo_tier":null,"weapon_type":null},"18":{"name":"Salve amulet","id":"18815","link":"http://2007.runescape.wikia.com/wiki/Salve_amulet","slotname":"neckslot","level":{"attack":"0","strength":"0","defence":"0","hitpoints":"0","magic":"0","ranged":"0","prayer":"0"},"offence":{"stab":"0","slash":"0","crush":"0","ranged":"0","magic":"0"},"defence":{"stab":"3","slash":"3","crush":"3","ranged":"0","magic":"0"},"others":{"strength":"0","ranged_strength":"0","magic_damage":"0","prayer":"3"},"hand":null,"ammo_type":null,"ammo_tier":null,"weapon_type":null},"19":{"name":"Salve amulet (e)","id":"10588","link":"http://2007.runescape.wikia.com/wiki/Salve_amulet","slotname":"neckslot","level":{"attack":"0","strength":"0","defence":"0","hitpoints":"0","magic":"0","ranged":"0","prayer":"0"},"offence":{"stab":"0","slash":"0","crush":"0","ranged":"0","magic":"0"},"defence":{"stab":"3","slash":"3","crush":"3","ranged":"0","magic":"0"},"others":{"strength":"0","ranged_strength":"0","magic_damage":"0","prayer":"3"},"hand":null,"ammo_type":null,"ammo_tier":null,"weapon_type":null},"20":{"name":"Salve amulet (ei)","id":"12018","link":"http://2007.runescape.wikia.com/wiki/Salve_amulet","slotname":"neckslot","level":{"attack":"0","strength":"0","defence":"0","hitpoints":"0","magic":"0","ranged":"0","prayer":"0"},"offence":{"stab":"0","slash":"0","crush":"0","ranged":"0","magic":"0"},"defence":{"stab":"3","slash":"3","crush":"3","ranged":"0","magic":"0"},"others":{"strength":"0","ranged_strength":"0","magic_damage":"0","prayer":"3"},"hand":null,"ammo_type":null,"ammo_tier":null,"weapon_type":null},"21":{"name":"Unholy symbol","id":"1724","link":"http://2007.runescape.wikia.com/wiki/Unholy_symbol","slotname":"neckslot","level":{"attack":"0","strength":"0","defence":"0","hitpoints":"0","magic":"0","ranged":"0","prayer":"0"},"offence":{"stab":"2","slash":"2","crush":"2","ranged":"2","magic":"2"},"defence":{"stab":"0","slash":"0","crush":"0","ranged":"0","magic":"0"},"others":{"strength":"0","ranged_strength":"0","magic_damage":"0","prayer":"8"},"hand":null,"ammo_type":null,"ammo_tier":null,"weapon_type":null}}