{"0":{"name":"Archers ring","id":"6733","link":"http://2007.runescape.wikia.com/wiki/Archers_ring","slotname":"ringslot","level":{"attack":"0","strength":"0","defence":"0","hitpoints":"0","magic":"0","ranged":"0","prayer":"0"},"offence":{"stab":"0","slash":"0","crush":"0","ranged":"4","magic":"0"},"defence":{"stab":"0","slash":"0","crush":"0","ranged":"4","magic":"0"},"others":{"strength":"0","ranged_strength":"0","magic_damage":"0","prayer":"0"},"hand":null,"ammo_type":null,"ammo_tier":null,"weapon_type":null},"1":{"name":"Archers ring (i)","id":"11771","link":"http://2007.runescape.wikia.com/wiki/Archers_ring_(i)","slotname":"ringslot","level":{"attack":"0","strength":"0","defence":"0","hitpoints":"0","magic":"0","ranged":"0","prayer":"0"},"offence":{"stab":"0","slash":"0","crush":"0","ranged":"8","magic":"0"},"defence":{"stab":"0","slash":"0","crush":"0","ranged":"8","magic":"0"},"others":{"strength":"0","ranged_strength":"0","magic_damage":"0","prayer":"0"},"hand":null,"ammo_type":null,"ammo_tier":null,"weapon_type":null},"2":{"name":"Berserker ring","id":"6737","link":"http://2007.runescape.wikia.com/wiki/Berserker_ring","slotname":"ringslot","level":{"attack":"0","strength":"0","defence":"0","hitpoints":"0","magic":"0","ranged":"0","prayer":"0"},"offence":{"stab":"0","slash":"0","crush":"0","ranged":"0","magic":"0"},"defence":{"stab":"0","slash":"0","crush":"4","ranged":"0","magic":"0"},"others":{"strength":"4","ranged_strength":"0","magic_damage":"0","prayer":"0"},"hand":null,"ammo_type":null,"ammo_tier":null,"weapon_type":null},"3":{"name":"Berserker ring (i)","id":"11773","link":"http://2007.runescape.wikia.com/wiki/Berserker_ring_(i)","slotname":"ringslot","level":{"attack":"0","strength":"0","defence":"0","hitpoints":"0","magic":"0","ranged":"0","prayer":"0"},"offence":{"stab":"0","slash":"0","crush":"0","ranged":"0","magic":"0"},"defence":{"stab":"0","slash":"0","crush":"8","ranged":"0","magic":"0"},"others":{"strength":"8","ranged_strength":"0","magic_damage":"0","prayer":"0"},"hand":null,"ammo_type":null,"ammo_tier":null,"weapon_type":null},"4":{"name":"Granite Ring","id":"21739","link":"http://2007.runescape.wikia.com/wiki/Ring_of_suffering","slotname":"ringslot","level":{"attack":"0","strength":"50","defence":"50","hitpoints":"0","magic":"0","ranged":"0","prayer":"0"},"offence":{"stab":"0","slash":"0","crush":"0","ranged":"0","magic":"0"},"defence":{"stab":"2","slash":"2","crush":"2","ranged":"8","magic":"-2"},"others":{"strength":"0","ranged_strength":"0","magic_damage":"0","prayer":"0"},"hand":null,"ammo_type":null,"ammo_tier":null,"weapon_type":null},"5":{"name":"Granite Ring (i)","id":"21739","link":"http://2007.runescape.wikia.com/wiki/Ring_of_suffering","slotname":"ringslot","level":{"attack":"0","strength":"50","defence":"50","hitpoints":"0","magic":"0","ranged":"0","prayer":"0"},"offence":{"stab":"0","slash":"0","crush":"0","ranged":"0","magic":"0"},"defence":{"stab":"4","slash":"4","crush":"4","ranged":"16","magic":"-2"},"others":{"strength":"0","ranged_strength":"0","magic_damage":"0","prayer":"0"},"hand":null,"ammo_type":null,"ammo_tier":null,"weapon_type":null},"6":{"name":"Lunar ring","id":"16710","link":"http://2007.runescape.wikia.com/wiki/Lunar_ring","slotname":"ringslot","level":{"attack":"13","strength":"13","defence":"40","hitpoints":"13","magic":"0","ranged":"0","prayer":"0"},"offence":{"stab":"0","slash":"0","crush":"0","ranged":"0","magic":"2"},"defence":{"stab":"0","slash":"0","crush":"0","ranged":"0","magic":"2"},"others":{"strength":"0","ranged_strength":"0","magic_damage":"0","prayer":"0"},"hand":null,"ammo_type":null,"ammo_tier":null,"weapon_type":null},"7":{"name":"Ring of Suffering","id":"19550","link":"http://2007.runescape.wikia.com/wiki/Ring_of_suffering","slotname":"ringslot","level":{"attack":"0","strength":"0","defence":"0","hitpoints":"75","magic":"0","ranged":"0","prayer":"0"},"offence":{"stab":"0","slash":"0","crush":"0","ranged":"0","magic":"0"},"defence":{"stab":"10","slash":"10","crush":"10","ranged":"10","magic":"10"},"others":{"strength":"0","ranged_strength":"0","magic_damage":"0","prayer":"2"},"hand":null,"ammo_type":null,"ammo_tier":null,"weapon_type":null},"8":{"name":"Ring of Suffering(i)","id":"19550","link":"http://2007.runescape.wikia.com/wiki/Ring_of_suffering","slotname":"ringslot","level":{"attack":"0","strength":"0","defence":"0","hitpoints":"75","magic":"0","ranged":"0","prayer":"0"},"offence":{"stab":"0","slash":"0","crush":"0","ranged":"0","magic":"0"},"defence":{"stab":"20","slash":"20","crush":"20","ranged":"20","magic":"20"},"others":{"strength":"0","ranged_strength":"0","magic_damage":"0","prayer":"4"},"hand":null,"ammo_type":null,"ammo_tier":null,"weapon_type":null},"9":{"name":"Ring of the gods","id":"12601","link":"http://2007.runescape.wikia.com/wiki/Ring_of_the_gods","slotname":"ringslot","level":{"attack":"0","strength":"0","defence":"0","hitpoints":"0","magic":"0","ranged":"0","prayer":"0"},"offence":{"stab":"0","slash":"0","crush":"0","ranged":"0","magic":"0"},"defence":{"stab":"1","slash":"1","crush":"1","ranged":"1","magic":"1"},"others":{"strength":"0","ranged_strength":"0","magic_damage":"0","prayer":"3"},"hand":null,"ammo_type":null,"ammo_tier":null,"weapon_type":null},"10":{"name":"Ring of the gods (i)","id":"12601","link":"http://2007.runescape.wikia.com/wiki/Ring_of_the_gods_(i)","slotname":"ringslot","level":{"attack":"0","strength":"0","defence":"0","hitpoints":"0","magic":"0","ranged":"0","prayer":"0"},"offence":{"stab":"0","slash":"0","crush":"0","ranged":"0","magic":"0"},"defence":{"stab":"1","slash":"1","crush":"1","ranged":"1","magic":"1"},"others":{"strength":"0","ranged_strength":"0","magic_damage":"0","prayer":"8"},"hand":null,"ammo_type":null,"ammo_tier":null,"weapon_type":null},"11":{"name":"Seers ring","id":"6731","link":"http://2007.runescape.wikia.com/wiki/Seers_ring","slotname":"ringslot","level":{"attack":"0","strength":"0","defence":"0","hitpoints":"0","magic":"0","ranged":"0","prayer":"0"},"offence":{"stab":"0","slash":"0","crush":"0","ranged":"0","magic":"4"},"defence":{"stab":"0","slash":"0","crush":"0","ranged":"0","magic":"4"},"others":{"strength":"0","ranged_strength":"0","magic_damage":"0","prayer":"0"},"hand":null,"ammo_type":null,"ammo_tier":null,"weapon_type":null},"12":{"name":"Seers ring (i)","id":"11770","link":"http://2007.runescape.wikia.com/wiki/Seers_ring_(i)","slotname":"ringslot","level":{"attack":"0","strength":"0","defence":"0","hitpoints":"0","magic":"0","ranged":"0","prayer":"0"},"offence":{"stab":"0","slash":"0","crush":"0","ranged":"0","magic":"8"},"defence":{"stab":"0","slash":"0","crush":"0","ranged":"0","magic":"8"},"others":{"strength":"0","ranged_strength":"0","magic_damage":"0","prayer":"0"},"hand":null,"ammo_type":null,"ammo_tier":null,"weapon_type":null},"13":{"name":"Treasonous ring","id":"12605","link":"http://2007.runescape.wikia.com/wiki/Treasonous_ring","slotname":"ringslot","level":{"attack":"0","strength":"0","defence":"0","hitpoints":"0","magic":"0","ranged":"0","prayer":"0"},"offence":{"stab":"4","slash":"0","crush":"0","ranged":"0","magic":"0"},"defence":{"stab":"4","slash":"0","crush":"0","ranged":"0","magic":"0"},"others":{"strength":"0","ranged_strength":"0","magic_damage":"0","prayer":"0"},"hand":null,"ammo_type":null,"ammo_tier":null,"weapon_type":null},"14":{"name":"Treasonous ring (i)","id":"12692","link":"http://2007.runescape.wikia.com/wiki/Treasonous_ring_(i)","slotname":"ringslot","level":{"attack":"0","strength":"0","defence":"0","hitpoints":"0","magic":"0","ranged":"0","prayer":"0"},"offence":{"stab":"8","slash":"0","crush":"0","ranged":"0","magic":"0"},"defence":{"stab":"8","slash":"0","crush":"0","ranged":"0","magic":"0"},"others":{"strength":"0","ranged_strength":"0","magic_damage":"0","prayer":"0"},"hand":null,"ammo_type":null,"ammo_tier":null,"weapon_type":null},"15":{"name":"Tyrannical ring","id":"12603","link":"http://2007.runescape.wikia.com/wiki/Tyrannical_ring","slotname":"ringslot","level":{"attack":"0","strength":"0","defence":"0","hitpoints":"0","magic":"0","ranged":"0","prayer":"0"},"offence":{"stab":"0","slash":"0","crush":"4","ranged":"0","magic":"0"},"defence":{"stab":"0","slash":"0","crush":"4","ranged":"0","magic":"0"},"others":{"strength":"0","ranged_strength":"0","magic_damage":"0","prayer":"0"},"hand":null,"ammo_type":null,"ammo_tier":null,"weapon_type":null},"16":{"name":"Tyrannical ring (i)","id":"18281","link":"http://2007.runescape.wikia.com/wiki/Tyrannical_ring_(i)","slotname":"ringslot","level":{"attack":"0","strength":"0","defence":"0","hitpoints":"0","magic":"0","ranged":"0","prayer":"0"},"offence":{"stab":"0","slash":"0","crush":"8","ranged":"0","magic":"0"},"defence":{"stab":"0","slash":"0","crush":"8","ranged":"0","magic":"0"},"others":{"strength":"0","ranged_strength":"0","magic_damage":"0","prayer":"0"},"hand":null,"ammo_type":null,"ammo_tier":null,"weapon_type":null},"17":{"name":"Warrior ring","id":"6735","link":"http://2007.runescape.wikia.com/wiki/Warrior_ring","slotname":"ringslot","level":{"attack":"0","strength":"0","defence":"0","hitpoints":"0","magic":"0","ranged":"0","prayer":"0"},"offence":{"stab":"0","slash":"4","crush":"0","ranged":"0","magic":"0"},"defence":{"stab":"0","slash":"4","crush":"0","ranged":"0","magic":"0"},"others":{"strength":"0","ranged_strength":"0","magic_damage":"0","prayer":"0"},"hand":null,"ammo_type":null,"ammo_tier":null,"weapon_type":null},"18":{"name":"Warrior ring (i)","id":"18397","link":"http://2007.runescape.wikia.com/wiki/Warrior_ring_(i)","slotname":"ringslot","level":{"attack":"0","strength":"0","defence":"0","hitpoints":"0","magic":"0","ranged":"0","prayer":"0"},"offence":{"stab":"0","slash":"8","crush":"0","ranged":"0","magic":"0"},"defence":{"stab":"0","slash":"8","crush":"0","ranged":"0","magic":"0"},"others":{"strength":"0","ranged_strength":"0","magic_damage":"0","prayer":"0"},"hand":null,"ammo_type":null,"ammo_tier":null,"weapon_type":null}}