{"0":{"name":"3rd age kiteshield","id":"10352","link":"http://2007.runescape.wikia.com/wiki/3rd_age_kiteshield","slotname":"shieldslot","level":{"attack":"0","strength":"0","defence":"65","hitpoints":"0","magic":"0","ranged":"0","prayer":"0"},"offence":{"stab":"0","slash":"0","crush":"0","ranged":"-4","magic":"-10"},"defence":{"stab":"63","slash":"65","crush":"61","ranged":"63","magic":"-3"},"others":{"strength":"0","ranged_strength":"0","magic_damage":"0","prayer":"0"},"hand":null,"ammo_type":null,"ammo_tier":null,"weapon_type":null},"1":{"name":"Adamant defender","id":"8849","link":"http://2007.runescape.wikia.com/wiki/Adamant_defender","slotname":"shieldslot","level":{"attack":"30","strength":"0","defence":"30","hitpoints":"0","magic":"0","ranged":"0","prayer":"0"},"offence":{"stab":"13","slash":"12","crush":"11","ranged":"-2","magic":"-3"},"defence":{"stab":"13","slash":"12","crush":"11","ranged":"-2","magic":"-3"},"others":{"strength":"4","ranged_strength":"0","magic_damage":"0","prayer":"0"},"hand":null,"ammo_type":null,"ammo_tier":null,"weapon_type":null},"2":{"name":"Adamant kiteshield","id":"1199","link":"http://2007.runescape.wikia.com/wiki/Adamant_kiteshield","slotname":"shieldslot","level":{"attack":"0","strength":"0","defence":"30","hitpoints":"0","magic":"0","ranged":"0","prayer":"0"},"offence":{"stab":"0","slash":"0","crush":"0","ranged":"-2","magic":"-8"},"defence":{"stab":"27","slash":"31","crush":"29","ranged":"29","magic":"-1"},"others":{"strength":"0","ranged_strength":"0","magic_damage":"0","prayer":"0"},"hand":null,"ammo_type":null,"ammo_tier":null,"weapon_type":null},"3":{"name":"Adamant sq shield","id":"1183","link":"http://2007.runescape.wikia.com/wiki/Adamant_sq_shield","slotname":"shieldslot","level":{"attack":"0","strength":"0","defence":"30","hitpoints":"0","magic":"0","ranged":"0","prayer":"0"},"offence":{"stab":"0","slash":"0","crush":"0","ranged":"-2","magic":"-6"},"defence":{"stab":"24","slash":"26","crush":"22","ranged":"24","magic":"0"},"others":{"strength":"0","ranged_strength":"0","magic_damage":"0","prayer":"0"},"hand":null,"ammo_type":null,"ammo_tier":null,"weapon_type":null},"4":{"name":"Ancient Wyvern Shield","id":"21634","link":"http://oldschoolrunescape.wikia.com/wiki/Ancient_wyvern_shield","slotname":"shieldslot","level":{"attack":"0","strength":"0","defence":"75","hitpoints":"0","magic":"70","ranged":"0","prayer":"0"},"offence":{"stab":"-10","slash":"-10","crush":"-10","ranged":"-10","magic":"15"},"defence":{"stab":"72","slash":"80","crush":"75","ranged":"-5","magic":"15"},"others":{"strength":"-2","ranged_strength":"0","magic_damage":"0","prayer":"0"},"hand":null,"ammo_type":null,"ammo_tier":null,"weapon_type":null},"5":{"name":"Anti-dragon shield","id":"1540","link":"http://2007.runescape.wikia.com/wiki/Anti-dragon_shield","slotname":"shieldslot","level":{"attack":"0","strength":"0","defence":"0","hitpoints":"0","magic":"0","ranged":"0","prayer":"0"},"offence":{"stab":"0","slash":"0","crush":"0","ranged":"0","magic":"0"},"defence":{"stab":"7","slash":"9","crush":"8","ranged":"8","magic":"2"},"others":{"strength":"0","ranged_strength":"0","magic_damage":"0","prayer":"0"},"hand":null,"ammo_type":null,"ammo_tier":null,"weapon_type":null},"6":{"name":"Arcane spirit shield","id":"12825","link":"http://2007.runescape.wikia.com/wiki/Arcane_spirit_shield","slotname":"shieldslot","level":{"attack":"0","strength":"0","defence":"75","hitpoints":"0","magic":"0","ranged":"0","prayer":"70"},"offence":{"stab":"0","slash":"0","crush":"0","ranged":"0","magic":"20"},"defence":{"stab":"53","slash":"55","crush":"73","ranged":"52","magic":"2"},"others":{"strength":"0","ranged_strength":"0","magic_damage":"0","prayer":"3"},"hand":null,"ammo_type":null,"ammo_tier":null,"weapon_type":null},"7":{"name":"Black d'hide Shield","id":"22284","link":"http://2007.runescape.wikia.com/wiki/Adamant_kiteshield","slotname":"shieldslot","level":{"attack":"0","strength":"0","defence":"40","hitpoints":"0","magic":"0","ranged":"70","prayer":"0"},"offence":{"stab":"-15","slash":"-15","crush":"-15","ranged":"7","magic":"-10"},"defence":{"stab":"21","slash":"18","crush":"16","ranged":"14","magic":"15"},"others":{"strength":"0","ranged_strength":"0","magic_damage":"0","prayer":"0"},"hand":null,"ammo_type":null,"ammo_tier":null,"weapon_type":null},"8":{"name":"Black defender","id":"8847","link":"http://2007.runescape.wikia.com/wiki/Black_defender","slotname":"shieldslot","level":{"attack":"10","strength":"0","defence":"10","hitpoints":"0","magic":"0","ranged":"0","prayer":"0"},"offence":{"stab":"9","slash":"8","crush":"7","ranged":"-2","magic":"-3"},"defence":{"stab":"9","slash":"8","crush":"7","ranged":"-2","magic":"-3"},"others":{"strength":"2","ranged_strength":"0","magic_damage":"0","prayer":"0"},"hand":null,"ammo_type":null,"ammo_tier":null,"weapon_type":null},"9":{"name":"Black kiteshield","id":"1195","link":"http://2007.runescape.wikia.com/wiki/Black_kiteshield","slotname":"shieldslot","level":{"attack":"0","strength":"0","defence":"10","hitpoints":"0","magic":"0","ranged":"0","prayer":"0"},"offence":{"stab":"0","slash":"0","crush":"0","ranged":"-2","magic":"-8"},"defence":{"stab":"17","slash":"19","crush":"18","ranged":"18","magic":"-1"},"others":{"strength":"0","ranged_strength":"0","magic_damage":"0","prayer":"0"},"hand":null,"ammo_type":null,"ammo_tier":null,"weapon_type":null},"10":{"name":"Black sq shield","id":"1179","link":"http://2007.runescape.wikia.com/wiki/Black_sq_shield","slotname":"shieldslot","level":{"attack":"0","strength":"0","defence":"10","hitpoints":"0","magic":"0","ranged":"0","prayer":"0"},"offence":{"stab":"0","slash":"0","crush":"0","ranged":"-2","magic":"-6"},"defence":{"stab":"15","slash":"16","crush":"14","ranged":"15","magic":"0"},"others":{"strength":"0","ranged_strength":"0","magic_damage":"0","prayer":"0"},"hand":null,"ammo_type":null,"ammo_tier":null,"weapon_type":null},"11":{"name":"Blessed spirit shield","id":"12831","link":"http://2007.runescape.wikia.com/wiki/Blessed_spirit_shield","slotname":"shieldslot","level":{"attack":"0","strength":"0","defence":"70","hitpoints":"0","magic":"0","ranged":"0","prayer":"60"},"offence":{"stab":"0","slash":"0","crush":"0","ranged":"0","magic":"0"},"defence":{"stab":"53","slash":"55","crush":"73","ranged":"52","magic":"2"},"others":{"strength":"0","ranged_strength":"0","magic_damage":"0","prayer":"3"},"hand":null,"ammo_type":null,"ammo_tier":null,"weapon_type":null},"12":{"name":"Blue d'hide Shield","id":"22278","link":"http://2007.runescape.wikia.com/wiki/Adamant_kiteshield","slotname":"shieldslot","level":{"attack":"0","strength":"0","defence":"40","hitpoints":"0","magic":"0","ranged":"50","prayer":"0"},"offence":{"stab":"-15","slash":"-15","crush":"-15","ranged":"5","magic":"-10"},"defence":{"stab":"16","slash":"14","crush":"12","ranged":"12","magic":"12"},"others":{"strength":"0","ranged_strength":"0","magic_damage":"0","prayer":"0"},"hand":null,"ammo_type":null,"ammo_tier":null,"weapon_type":null},"13":{"name":"Book of balance","id":"3844","link":"http://2007.runescape.wikia.com/wiki/Book_of_balance","slotname":"shieldslot","level":{"attack":"0","strength":"0","defence":"0","hitpoints":"0","magic":"0","ranged":"0","prayer":"0"},"offence":{"stab":"4","slash":"4","crush":"4","ranged":"4","magic":"4"},"defence":{"stab":"4","slash":"4","crush":"4","ranged":"4","magic":"4"},"others":{"strength":"0","ranged_strength":"0","magic_damage":"0","prayer":"5"},"hand":null,"ammo_type":null,"ammo_tier":null,"weapon_type":null},"14":{"name":"Book of darkness","id":"12612","link":"http://2007.runescape.wikia.com/wiki/Book_of_darkness","slotname":"shieldslot","level":{"attack":"0","strength":"0","defence":"0","hitpoints":"0","magic":"0","ranged":"0","prayer":"0"},"offence":{"stab":"0","slash":"0","crush":"0","ranged":"0","magic":"10"},"defence":{"stab":"0","slash":"0","crush":"0","ranged":"0","magic":"0"},"others":{"strength":"0","ranged_strength":"0","magic_damage":"0","prayer":"5"},"hand":null,"ammo_type":null,"ammo_tier":null,"weapon_type":null},"15":{"name":"Book of law","id":"12610","link":"http://2007.runescape.wikia.com/wiki/Book_of_law","slotname":"shieldslot","level":{"attack":"0","strength":"0","defence":"0","hitpoints":"0","magic":"0","ranged":"0","prayer":"0"},"offence":{"stab":"0","slash":"0","crush":"0","ranged":"10","magic":"0"},"defence":{"stab":"0","slash":"0","crush":"0","ranged":"0","magic":"0"},"others":{"strength":"0","ranged_strength":"0","magic_damage":"0","prayer":"5"},"hand":null,"ammo_type":null,"ammo_tier":null,"weapon_type":null},"16":{"name":"Book of war","id":"12608","link":"http://2007.runescape.wikia.com/wiki/Book_of_war","slotname":"shieldslot","level":{"attack":"0","strength":"0","defence":"0","hitpoints":"0","magic":"0","ranged":"0","prayer":"0"},"offence":{"stab":"0","slash":"0","crush":"0","ranged":"0","magic":"0"},"defence":{"stab":"0","slash":"0","crush":"0","ranged":"0","magic":"0"},"others":{"strength":"2","ranged_strength":"0","magic_damage":"0","prayer":"5"},"hand":null,"ammo_type":null,"ammo_tier":null,"weapon_type":null},"17":{"name":"Bronze defender","id":"8844","link":"http://2007.runescape.wikia.com/wiki/Bronze_defender","slotname":"shieldslot","level":{"attack":"0","strength":"0","defence":"0","hitpoints":"0","magic":"0","ranged":"0","prayer":"0"},"offence":{"stab":"3","slash":"2","crush":"1","ranged":"-2","magic":"-3"},"defence":{"stab":"3","slash":"2","crush":"1","ranged":"-2","magic":"-3"},"others":{"strength":"0","ranged_strength":"0","magic_damage":"0","prayer":"0"},"hand":null,"ammo_type":null,"ammo_tier":null,"weapon_type":null},"18":{"name":"Bronze kiteshield","id":"1189","link":"http://2007.runescape.wikia.com/wiki/Bronze_kiteshield","slotname":"shieldslot","level":{"attack":"0","strength":"0","defence":"0","hitpoints":"0","magic":"0","ranged":"0","prayer":"0"},"offence":{"stab":"0","slash":"0","crush":"0","ranged":"-2","magic":"-8"},"defence":{"stab":"5","slash":"7","crush":"6","ranged":"6","magic":"-1"},"others":{"strength":"0","ranged_strength":"0","magic_damage":"0","prayer":"0"},"hand":null,"ammo_type":null,"ammo_tier":null,"weapon_type":null},"19":{"name":"Bronze sq shield","id":"1173","link":"http://2007.runescape.wikia.com/wiki/Bronze_sq_shield","slotname":"shieldslot","level":{"attack":"0","strength":"0","defence":"0","hitpoints":"0","magic":"0","ranged":"0","prayer":"0"},"offence":{"stab":"0","slash":"0","crush":"0","ranged":"-2","magic":"-6"},"defence":{"stab":"5","slash":"6","crush":"4","ranged":"5","magic":"0"},"others":{"strength":"0","ranged_strength":"0","magic_damage":"0","prayer":"0"},"hand":null,"ammo_type":null,"ammo_tier":null,"weapon_type":null},"20":{"name":"Broodoo shield","id":"6215","link":"http://2007.runescape.wikia.com/wiki/Broodoo_shield","slotname":"shieldslot","level":{"attack":"0","strength":"0","defence":"25","hitpoints":"0","magic":"25","ranged":"0","prayer":"0"},"offence":{"stab":"0","slash":"0","crush":"0","ranged":"-7","magic":"3"},"defence":{"stab":"10","slash":"10","crush":"15","ranged":"0","magic":"5"},"others":{"strength":"0","ranged_strength":"0","magic_damage":"0","prayer":"5"},"hand":null,"ammo_type":null,"ammo_tier":null,"weapon_type":null},"21":{"name":"Crystal shield","id":"4224","link":"http://2007.runescape.wikia.com/wiki/Crystal_shield","slotname":"shieldslot","level":{"attack":"0","strength":"0","defence":"70","hitpoints":"0","magic":"0","ranged":"0","prayer":"0"},"offence":{"stab":"0","slash":"0","crush":"0","ranged":"-10","magic":"-10"},"defence":{"stab":"51","slash":"54","crush":"53","ranged":"80","magic":"0"},"others":{"strength":"0","ranged_strength":"0","magic_damage":"0","prayer":"0"},"hand":null,"ammo_type":null,"ammo_tier":null,"weapon_type":null},"22":{"name":"Dragon defender","id":"12954","link":"http://2007.runescape.wikia.com/wiki/Dragon_defender","slotname":"shieldslot","level":{"attack":"0","strength":"0","defence":"60","hitpoints":"0","magic":"0","ranged":"0","prayer":"0"},"offence":{"stab":"25","slash":"24","crush":"23","ranged":"-2","magic":"-3"},"defence":{"stab":"25","slash":"24","crush":"23","ranged":"-2","magic":"-3"},"others":{"strength":"6","ranged_strength":"0","magic_damage":"0","prayer":"0"},"hand":null,"ammo_type":null,"ammo_tier":null,"weapon_type":null},"23":{"name":"Dragon kite shield","id":"21895","link":"http://oldschoolrunescape.wikia.com/wiki/Dragon_kite","slotname":"shieldslot","level":{"attack":"0","strength":"0","defence":"60","hitpoints":"0","magic":"0","ranged":"0","prayer":"0"},"offence":{"stab":"0","slash":"0","crush":"0","ranged":"-2","magic":"-8"},"defence":{"stab":"56","slash":"60","crush":"58","ranged":"58","magic":"-1"},"others":{"strength":"0","ranged_strength":"0","magic_damage":"0","prayer":"0"},"hand":null,"ammo_type":null,"ammo_tier":null,"weapon_type":null},"24":{"name":"Dragon sq shield","id":"1187","link":"http://2007.runescape.wikia.com/wiki/Dragon_sq_shield","slotname":"shieldslot","level":{"attack":"0","strength":"0","defence":"60","hitpoints":"0","magic":"0","ranged":"0","prayer":"0"},"offence":{"stab":"0","slash":"0","crush":"0","ranged":"-2","magic":"-6"},"defence":{"stab":"50","slash":"52","crush":"48","ranged":"50","magic":"0"},"others":{"strength":"0","ranged_strength":"0","magic_damage":"0","prayer":"0"},"hand":null,"ammo_type":null,"ammo_tier":null,"weapon_type":null},"25":{"name":"Dragonfire shield","id":"11283","link":"http://2007.runescape.wikia.com/wiki/Dragonfire_shield","slotname":"shieldslot","level":{"attack":"0","strength":"0","defence":"75","hitpoints":"0","magic":"0","ranged":"0","prayer":"0"},"offence":{"stab":"0","slash":"0","crush":"0","ranged":"-5","magic":"-10"},"defence":{"stab":"70","slash":"75","crush":"72","ranged":"72","magic":"10"},"others":{"strength":"7","ranged_strength":"0","magic_damage":"0","prayer":"0"},"hand":null,"ammo_type":null,"ammo_tier":null,"weapon_type":null},"26":{"name":"Dragonfire ward","id":"22003","link":"http://oldschoolrunescape.wikia.com/wiki/Dragonfire_ward","slotname":"shieldslot","level":{"attack":"0","strength":"0","defence":"75","hitpoints":"0","magic":"0","ranged":"70","prayer":"0"},"offence":{"stab":"-10","slash":"-10","crush":"-10","ranged":"15","magic":"-10"},"defence":{"stab":"15","slash":"20","crush":"18","ranged":"68","magic":"22"},"others":{"strength":"-2","ranged_strength":"0","magic_damage":"0","prayer":"0"},"hand":null,"ammo_type":null,"ammo_tier":null,"weapon_type":null},"27":{"name":"Elemental shield","id":"2890","link":"http://2007.runescape.wikia.com/wiki/Elemental_shield","slotname":"shieldslot","level":{"attack":"0","strength":"0","defence":"0","hitpoints":"0","magic":"0","ranged":"0","prayer":"0"},"offence":{"stab":"0","slash":"0","crush":"0","ranged":"0","magic":"0"},"defence":{"stab":"0","slash":"0","crush":"0","ranged":"0","magic":"6"},"others":{"strength":"0","ranged_strength":"0","magic_damage":"0","prayer":"0"},"hand":null,"ammo_type":null,"ammo_tier":null,"weapon_type":null},"28":{"name":"Elysian spirit shield","id":"12817","link":"http://2007.runescape.wikia.com/wiki/Elysian_spirit_shield","slotname":"shieldslot","level":{"attack":"0","strength":"0","defence":"75","hitpoints":"0","magic":"0","ranged":"0","prayer":"75"},"offence":{"stab":"0","slash":"0","crush":"0","ranged":"0","magic":"0"},"defence":{"stab":"63","slash":"65","crush":"75","ranged":"57","magic":"2"},"others":{"strength":"0","ranged_strength":"0","magic_damage":"0","prayer":"3"},"hand":null,"ammo_type":null,"ammo_tier":null,"weapon_type":null},"29":{"name":"Falador shield 1","id":"13117","link":"http://2007.runescape.wikia.com/wiki/Falador_shield_1","slotname":"shieldslot","level":{"attack":"0","strength":"0","defence":"0","hitpoints":"0","magic":"0","ranged":"0","prayer":"0"},"offence":{"stab":"0","slash":"0","crush":"0","ranged":"-2","magic":"-8"},"defence":{"stab":"8","slash":"10","crush":"9","ranged":"9","magic":"-1"},"others":{"strength":"0","ranged_strength":"0","magic_damage":"0","prayer":"1"},"hand":null,"ammo_type":null,"ammo_tier":null,"weapon_type":null},"30":{"name":"Falador shield 2","id":"13118","link":"http://2007.runescape.wikia.com/wiki/Falador_shield_2","slotname":"shieldslot","level":{"attack":"0","strength":"37","defence":"20","hitpoints":"0","magic":"33","ranged":"19","prayer":"10"},"offence":{"stab":"0","slash":"0","crush":"0","ranged":"-2","magic":"-8"},"defence":{"stab":"13","slash":"15","crush":"14","ranged":"14","magic":"-1"},"others":{"strength":"0","ranged_strength":"0","magic_damage":"0","prayer":"3"},"hand":null,"ammo_type":null,"ammo_tier":null,"weapon_type":null},"31":{"name":"Falador shield 3","id":"13119","link":"http://2007.runescape.wikia.com/wiki/Falador_shield_3","slotname":"shieldslot","level":{"attack":"65","strength":"65","defence":"50","hitpoints":"0","magic":"33","ranged":"19","prayer":"70"},"offence":{"stab":"0","slash":"0","crush":"0","ranged":"-2","magic":"-8"},"defence":{"stab":"18","slash":"22","crush":"20","ranged":"20","magic":"-1"},"others":{"strength":"0","ranged_strength":"0","magic_damage":"0","prayer":"4"},"hand":null,"ammo_type":null,"ammo_tier":null,"weapon_type":null},"32":{"name":"Falador shield 4","id":"13120","link":"http://2007.runescape.wikia.com/wiki/Falador_shield_4","slotname":"shieldslot","level":{"attack":"65","strength":"65","defence":"50","hitpoints":"0","magic":"33","ranged":"19","prayer":"70"},"offence":{"stab":"0","slash":"0","crush":"0","ranged":"-2","magic":"-8"},"defence":{"stab":"27","slash":"31","crush":"29","ranged":"29","magic":"-1"},"others":{"strength":"0","ranged_strength":"0","magic_damage":"0","prayer":"5"},"hand":null,"ammo_type":null,"ammo_tier":null,"weapon_type":null},"33":{"name":"Fremennik shield","id":"3758","link":"http://2007.runescape.wikia.com/wiki/Fremennik_shield","slotname":"shieldslot","level":{"attack":"0","strength":"0","defence":"30","hitpoints":"0","magic":"0","ranged":"0","prayer":"0"},"offence":{"stab":"0","slash":"0","crush":"0","ranged":"-2","magic":"-8"},"defence":{"stab":"27","slash":"31","crush":"29","ranged":"29","magic":"-1"},"others":{"strength":"0","ranged_strength":"0","magic_damage":"0","prayer":"0"},"hand":null,"ammo_type":null,"ammo_tier":null,"weapon_type":null},"34":{"name":"Granite shield","id":"3122","link":"http://2007.runescape.wikia.com/wiki/Granite_shield","slotname":"shieldslot","level":{"attack":"0","strength":"50","defence":"50","hitpoints":"0","magic":"0","ranged":"0","prayer":"0"},"offence":{"stab":"0","slash":"0","crush":"0","ranged":"-8","magic":"-12"},"defence":{"stab":"40","slash":"42","crush":"38","ranged":"65","magic":"0"},"others":{"strength":"0","ranged_strength":"0","magic_damage":"0","prayer":"0"},"hand":null,"ammo_type":null,"ammo_tier":null,"weapon_type":null},"35":{"name":"Green d'hide Shield","id":"22275","link":"http://2007.runescape.wikia.com/wiki/Adamant_kiteshield","slotname":"shieldslot","level":{"attack":"0","strength":"0","defence":"40","hitpoints":"0","magic":"0","ranged":"40","prayer":"0"},"offence":{"stab":"-15","slash":"-15","crush":"-15","ranged":"4","magic":"-10"},"defence":{"stab":"14","slash":"12","crush":"11","ranged":"11","magic":"9"},"others":{"strength":"0","ranged_strength":"0","magic_damage":"0","prayer":"0"},"hand":null,"ammo_type":null,"ammo_tier":null,"weapon_type":null},"36":{"name":"Holy book","id":"3840","link":"http://2007.runescape.wikia.com/wiki/Holy_book","slotname":"shieldslot","level":{"attack":"0","strength":"0","defence":"0","hitpoints":"0","magic":"0","ranged":"0","prayer":"0"},"offence":{"stab":"0","slash":"0","crush":"0","ranged":"0","magic":"0"},"defence":{"stab":"8","slash":"8","crush":"8","ranged":"8","magic":"8"},"others":{"strength":"0","ranged_strength":"0","magic_damage":"0","prayer":"5"},"hand":null,"ammo_type":null,"ammo_tier":null,"weapon_type":null},"37":{"name":"Iron defender","id":"8845","link":"http://2007.runescape.wikia.com/wiki/Iron_defender","slotname":"shieldslot","level":{"attack":"0","strength":"0","defence":"0","hitpoints":"0","magic":"0","ranged":"0","prayer":"0"},"offence":{"stab":"5","slash":"4","crush":"3","ranged":"-2","magic":"-3"},"defence":{"stab":"5","slash":"4","crush":"3","ranged":"-2","magic":"-3"},"others":{"strength":"0","ranged_strength":"0","magic_damage":"0","prayer":"0"},"hand":null,"ammo_type":null,"ammo_tier":null,"weapon_type":null},"38":{"name":"Iron kiteshield","id":"1191","link":"http://2007.runescape.wikia.com/wiki/Iron_kiteshield","slotname":"shieldslot","level":{"attack":"0","strength":"0","defence":"0","hitpoints":"0","magic":"0","ranged":"0","prayer":"0"},"offence":{"stab":"0","slash":"0","crush":"0","ranged":"-2","magic":"-8"},"defence":{"stab":"8","slash":"10","crush":"9","ranged":"9","magic":"-1"},"others":{"strength":"0","ranged_strength":"0","magic_damage":"0","prayer":"0"},"hand":null,"ammo_type":null,"ammo_tier":null,"weapon_type":null},"39":{"name":"Iron sq shield","id":"1175","link":"http://2007.runescape.wikia.com/wiki/Iron_sq_shield","slotname":"shieldslot","level":{"attack":"0","strength":"0","defence":"0","hitpoints":"0","magic":"0","ranged":"0","prayer":"0"},"offence":{"stab":"0","slash":"0","crush":"0","ranged":"-2","magic":"-6"},"defence":{"stab":"8","slash":"9","crush":"7","ranged":"8","magic":"0"},"others":{"strength":"0","ranged_strength":"0","magic_damage":"0","prayer":"0"},"hand":null,"ammo_type":null,"ammo_tier":null,"weapon_type":null},"40":{"name":"Leather Shield","id":"22269","link":"http://2007.runescape.wikia.com/wiki/Adamant_kiteshield","slotname":"shieldslot","level":{"attack":"0","strength":"0","defence":"10","hitpoints":"0","magic":"0","ranged":"20","prayer":"0"},"offence":{"stab":"-15","slash":"-15","crush":"-11","ranged":"2","magic":"-10"},"defence":{"stab":"8","slash":"7","crush":"7","ranged":"9","magic":"5"},"others":{"strength":"0","ranged_strength":"0","magic_damage":"0","prayer":"0"},"hand":null,"ammo_type":null,"ammo_tier":null,"weapon_type":null},"41":{"name":"Mages' book","id":"6889","link":"http://2007.runescape.wikia.com/wiki/Mages%27_book","slotname":"shieldslot","level":{"attack":"0","strength":"0","defence":"0","hitpoints":"0","magic":"60","ranged":"0","prayer":"0"},"offence":{"stab":"0","slash":"0","crush":"0","ranged":"0","magic":"15"},"defence":{"stab":"0","slash":"0","crush":"0","ranged":"0","magic":"15"},"others":{"strength":"0","ranged_strength":"0","magic_damage":"0","prayer":"0"},"hand":null,"ammo_type":null,"ammo_tier":null,"weapon_type":null},"42":{"name":"Magic Shield","id":"22263","link":"http://2007.runescape.wikia.com/wiki/Adamant_kiteshield","slotname":"shieldslot","level":{"attack":"0","strength":"0","defence":"40","hitpoints":"0","magic":"0","ranged":"0","prayer":"0"},"offence":{"stab":"0","slash":"0","crush":"0","ranged":"0","magic":"0"},"defence":{"stab":"10","slash":"13","crush":"9","ranged":"9","magic":"3"},"others":{"strength":"0","ranged_strength":"0","magic_damage":"0","prayer":"0"},"hand":null,"ammo_type":null,"ammo_tier":null,"weapon_type":null},"43":{"name":"Malediction ward","id":"11924","link":"http://2007.runescape.wikia.com/wiki/Malediction_ward","slotname":"shieldslot","level":{"attack":"0","strength":"0","defence":"60","hitpoints":"0","magic":"0","ranged":"0","prayer":"0"},"offence":{"stab":"-8","slash":"-8","crush":"-8","ranged":"-12","magic":"12"},"defence":{"stab":"50","slash":"52","crush":"48","ranged":"0","magic":"15"},"others":{"strength":"0","ranged_strength":"0","magic_damage":"0","prayer":"0"},"hand":null,"ammo_type":null,"ammo_tier":null,"weapon_type":null},"44":{"name":"Maple Shield","id":"22257","link":"http://2007.runescape.wikia.com/wiki/Adamant_kiteshield","slotname":"shieldslot","level":{"attack":"0","strength":"0","defence":"40","hitpoints":"0","magic":"0","ranged":"0","prayer":"0"},"offence":{"stab":"0","slash":"0","crush":"0","ranged":"0","magic":"0"},"defence":{"stab":"7","slash":"8","crush":"6","ranged":"7","magic":"2"},"others":{"strength":"0","ranged_strength":"0","magic_damage":"0","prayer":"0"},"hand":null,"ammo_type":null,"ammo_tier":null,"weapon_type":null},"45":{"name":"Mind shield","id":"9731","link":"http://2007.runescape.wikia.com/wiki/Mind_shield","slotname":"shieldslot","level":{"attack":"0","strength":"0","defence":"0","hitpoints":"0","magic":"0","ranged":"0","prayer":"0"},"offence":{"stab":"0","slash":"0","crush":"0","ranged":"0","magic":"0"},"defence":{"stab":"0","slash":"0","crush":"0","ranged":"0","magic":"9"},"others":{"strength":"0","ranged_strength":"0","magic_damage":"0","prayer":"0"},"hand":null,"ammo_type":null,"ammo_tier":null,"weapon_type":null},"46":{"name":"Mirror shield","id":"4156","link":"http://2007.runescape.wikia.com/wiki/Mirror_shield","slotname":"shieldslot","level":{"attack":"0","strength":"0","defence":"20","hitpoints":"0","magic":"0","ranged":"0","prayer":"0"},"offence":{"stab":"0","slash":"0","crush":"0","ranged":"0","magic":"0"},"defence":{"stab":"10","slash":"15","crush":"5","ranged":"10","magic":"5"},"others":{"strength":"0","ranged_strength":"0","magic_damage":"0","prayer":"0"},"hand":null,"ammo_type":null,"ammo_tier":null,"weapon_type":null},"47":{"name":"Mithril defender","id":"8848","link":"http://2007.runescape.wikia.com/wiki/Mithril_defender","slotname":"shieldslot","level":{"attack":"20","strength":"0","defence":"20","hitpoints":"0","magic":"0","ranged":"0","prayer":"0"},"offence":{"stab":"11","slash":"10","crush":"9","ranged":"-2","magic":"-3"},"defence":{"stab":"11","slash":"10","crush":"9","ranged":"-2","magic":"-3"},"others":{"strength":"3","ranged_strength":"0","magic_damage":"0","prayer":"0"},"hand":null,"ammo_type":null,"ammo_tier":null,"weapon_type":null},"48":{"name":"Mithril kiteshield","id":"1197","link":"http://2007.runescape.wikia.com/wiki/Mithril_kiteshield","slotname":"shieldslot","level":{"attack":"0","strength":"0","defence":"20","hitpoints":"0","magic":"0","ranged":"0","prayer":"0"},"offence":{"stab":"0","slash":"0","crush":"0","ranged":"-2","magic":"-8"},"defence":{"stab":"18","slash":"22","crush":"20","ranged":"20","magic":"-1"},"others":{"strength":"0","ranged_strength":"0","magic_damage":"0","prayer":"0"},"hand":null,"ammo_type":null,"ammo_tier":null,"weapon_type":null},"49":{"name":"Mithril sq shield","id":"1181","link":"http://2007.runescape.wikia.com/wiki/Mithril_sq_shield","slotname":"shieldslot","level":{"attack":"0","strength":"0","defence":"20","hitpoints":"0","magic":"0","ranged":"0","prayer":"0"},"offence":{"stab":"0","slash":"0","crush":"0","ranged":"-2","magic":"-6"},"defence":{"stab":"17","slash":"19","crush":"15","ranged":"17","magic":"0"},"others":{"strength":"0","ranged_strength":"0","magic_damage":"0","prayer":"0"},"hand":null,"ammo_type":null,"ammo_tier":null,"weapon_type":null},"50":{"name":"Oak Shield","id":"22251","link":"http://2007.runescape.wikia.com/wiki/Adamant_kiteshield","slotname":"shieldslot","level":{"attack":"0","strength":"0","defence":"10","hitpoints":"0","magic":"0","ranged":"0","prayer":"0"},"offence":{"stab":"0","slash":"0","crush":"0","ranged":"0","magic":"0"},"defence":{"stab":"5","slash":"6","crush":"4","ranged":"5","magic":"1"},"others":{"strength":"0","ranged_strength":"0","magic_damage":"0","prayer":"0"},"hand":null,"ammo_type":null,"ammo_tier":null,"weapon_type":null},"51":{"name":"Odium ward","id":"11926","link":"http://2007.runescape.wikia.com/wiki/Odium_ward","slotname":"shieldslot","level":{"attack":"0","strength":"0","defence":"60","hitpoints":"0","magic":"0","ranged":"0","prayer":"0"},"offence":{"stab":"-12","slash":"-12","crush":"-12","ranged":"12","magic":"-8"},"defence":{"stab":"0","slash":"0","crush":"0","ranged":"52","magic":"24"},"others":{"strength":"0","ranged_strength":"0","magic_damage":"0","prayer":"0"},"hand":null,"ammo_type":null,"ammo_tier":null,"weapon_type":null},"52":{"name":"Red d'hide Shield","id":"22281","link":"http://2007.runescape.wikia.com/wiki/Adamant_kiteshield","slotname":"shieldslot","level":{"attack":"0","strength":"0","defence":"40","hitpoints":"0","magic":"0","ranged":"60","prayer":"0"},"offence":{"stab":"-15","slash":"-15","crush":"-15","ranged":"6","magic":"-10"},"defence":{"stab":"18","slash":"16","crush":"14","ranged":"13","magic":"13"},"others":{"strength":"0","ranged_strength":"0","magic_damage":"0","prayer":"0"},"hand":null,"ammo_type":null,"ammo_tier":null,"weapon_type":null},"53":{"name":"Redwood Shield","id":"22266","link":"http://2007.runescape.wikia.com/wiki/Adamant_kiteshield","slotname":"shieldslot","level":{"attack":"0","strength":"0","defence":"40","hitpoints":"0","magic":"0","ranged":"0","prayer":"0"},"offence":{"stab":"0","slash":"0","crush":"0","ranged":"0","magic":"0"},"defence":{"stab":"12","slash":"15","crush":"11","ranged":"10","magic":"4"},"others":{"strength":"0","ranged_strength":"0","magic_damage":"0","prayer":"0"},"hand":null,"ammo_type":null,"ammo_tier":null,"weapon_type":null},"54":{"name":"Rune defender","id":"8850","link":"http://2007.runescape.wikia.com/wiki/Rune_defender","slotname":"shieldslot","level":{"attack":"40","strength":"0","defence":"40","hitpoints":"0","magic":"0","ranged":"0","prayer":"0"},"offence":{"stab":"20","slash":"19","crush":"18","ranged":"-2","magic":"-3"},"defence":{"stab":"20","slash":"19","crush":"18","ranged":"-2","magic":"-3"},"others":{"strength":"5","ranged_strength":"0","magic_damage":"0","prayer":"0"},"hand":null,"ammo_type":null,"ammo_tier":null,"weapon_type":null},"55":{"name":"Rune kiteshield","id":"1201","link":"http://2007.runescape.wikia.com/wiki/Rune_kiteshield","slotname":"shieldslot","level":{"attack":"0","strength":"0","defence":"40","hitpoints":"0","magic":"0","ranged":"0","prayer":"0"},"offence":{"stab":"0","slash":"0","crush":"0","ranged":"-2","magic":"-8"},"defence":{"stab":"44","slash":"48","crush":"46","ranged":"46","magic":"-1"},"others":{"strength":"0","ranged_strength":"0","magic_damage":"0","prayer":"0"},"hand":null,"ammo_type":null,"ammo_tier":null,"weapon_type":null},"56":{"name":"Rune sq shield","id":"1185","link":"http://2007.runescape.wikia.com/wiki/Rune_sq_shield","slotname":"shieldslot","level":{"attack":"0","strength":"0","defence":"40","hitpoints":"0","magic":"0","ranged":"0","prayer":"0"},"offence":{"stab":"0","slash":"0","crush":"0","ranged":"-2","magic":"-6"},"defence":{"stab":"38","slash":"40","crush":"36","ranged":"38","magic":"0"},"others":{"strength":"0","ranged_strength":"0","magic_damage":"0","prayer":"0"},"hand":null,"ammo_type":null,"ammo_tier":null,"weapon_type":null},"57":{"name":"Snakeskin Shield","id":"22272","link":"http://2007.runescape.wikia.com/wiki/Adamant_kiteshield","slotname":"shieldslot","level":{"attack":"0","strength":"0","defence":"30","hitpoints":"0","magic":"0","ranged":"30","prayer":"0"},"offence":{"stab":"-15","slash":"-15","crush":"-15","ranged":"3","magic":"-10"},"defence":{"stab":"10","slash":"9","crush":"8","ranged":"10","magic":"7"},"others":{"strength":"0","ranged_strength":"0","magic_damage":"0","prayer":"0"},"hand":null,"ammo_type":null,"ammo_tier":null,"weapon_type":null},"58":{"name":"Spectral spirit shield","id":"12821","link":"http://2007.runescape.wikia.com/wiki/Spectral_spirit_shield","slotname":"shieldslot","level":{"attack":"0","strength":"0","defence":"75","hitpoints":"0","magic":"65","ranged":"0","prayer":"70"},"offence":{"stab":"0","slash":"0","crush":"0","ranged":"0","magic":"0"},"defence":{"stab":"53","slash":"55","crush":"73","ranged":"52","magic":"30"},"others":{"strength":"0","ranged_strength":"0","magic_damage":"0","prayer":"3"},"hand":null,"ammo_type":null,"ammo_tier":null,"weapon_type":null},"59":{"name":"Spirit shield","id":"12829","link":"http://2007.runescape.wikia.com/wiki/Spirit_shield","slotname":"shieldslot","level":{"attack":"0","strength":"0","defence":"45","hitpoints":"0","magic":"0","ranged":"0","prayer":"55"},"offence":{"stab":"0","slash":"0","crush":"0","ranged":"0","magic":"0"},"defence":{"stab":"39","slash":"41","crush":"50","ranged":"45","magic":"1"},"others":{"strength":"0","ranged_strength":"0","magic_damage":"0","prayer":"1"},"hand":null,"ammo_type":null,"ammo_tier":null,"weapon_type":null},"60":{"name":"Steel defender","id":"8846","link":"http://2007.runescape.wikia.com/wiki/Steel_defender","slotname":"shieldslot","level":{"attack":"5","strength":"0","defence":"5","hitpoints":"0","magic":"0","ranged":"0","prayer":"0"},"offence":{"stab":"7","slash":"6","crush":"5","ranged":"-2","magic":"-3"},"defence":{"stab":"7","slash":"6","crush":"5","ranged":"-2","magic":"-3"},"others":{"strength":"1","ranged_strength":"0","magic_damage":"0","prayer":"0"},"hand":null,"ammo_type":null,"ammo_tier":null,"weapon_type":null},"61":{"name":"Steel kiteshield","id":"8746","link":"http://2007.runescape.wikia.com/wiki/Steel_kiteshield","slotname":"shieldslot","level":{"attack":"0","strength":"0","defence":"5","hitpoints":"0","magic":"0","ranged":"0","prayer":"0"},"offence":{"stab":"0","slash":"0","crush":"0","ranged":"-2","magic":"-8"},"defence":{"stab":"13","slash":"15","crush":"14","ranged":"14","magic":"-1"},"others":{"strength":"0","ranged_strength":"0","magic_damage":"0","prayer":"0"},"hand":null,"ammo_type":null,"ammo_tier":null,"weapon_type":null},"62":{"name":"Steel sq shield","id":"1177","link":"http://2007.runescape.wikia.com/wiki/Steel_sq_shield","slotname":"shieldslot","level":{"attack":"0","strength":"0","defence":"5","hitpoints":"0","magic":"0","ranged":"0","prayer":"0"},"offence":{"stab":"0","slash":"0","crush":"0","ranged":"-2","magic":"-6"},"defence":{"stab":"12","slash":"13","crush":"11","ranged":"12","magic":"0"},"others":{"strength":"0","ranged_strength":"0","magic_damage":"0","prayer":"0"},"hand":null,"ammo_type":null,"ammo_tier":null,"weapon_type":null},"63":{"name":"Toktz-ket-xil","id":"6524","link":"http://2007.runescape.wikia.com/wiki/Toktz-ket-xil","slotname":"shieldslot","level":{"attack":"0","strength":"0","defence":"60","hitpoints":"0","magic":"0","ranged":"0","prayer":"0"},"offence":{"stab":"0","slash":"0","crush":"0","ranged":"-8","magic":"-12"},"defence":{"stab":"40","slash":"42","crush":"38","ranged":"65","magic":"0"},"others":{"strength":"5","ranged_strength":"0","magic_damage":"0","prayer":"0"},"hand":null,"ammo_type":null,"ammo_tier":null,"weapon_type":null},"64":{"name":"tome of fire","id":"20714","link":"http://2007.runescape.wikia.com/wiki/Tome_of_fire","slotname":"shieldslot","level":{"attack":"0","strength":"0","defence":"0","hitpoints":"0","magic":"50","ranged":"0","prayer":"0"},"offence":{"stab":"0","slash":"0","crush":"0","ranged":"0","magic":"8"},"defence":{"stab":"0","slash":"0","crush":"0","ranged":"0","magic":"8"},"others":{"strength":"0","ranged_strength":"0","magic_damage":"0","prayer":"0"},"hand":null,"ammo_type":null,"ammo_tier":null,"weapon_type":null},"65":{"name":"Training shield","id":"9704","link":"http://2007.runescape.wikia.com/wiki/Training_shield","slotname":"shieldslot","level":{"attack":"0","strength":"0","defence":"0","hitpoints":"0","magic":"0","ranged":"0","prayer":"0"},"offence":{"stab":"0","slash":"0","crush":"0","ranged":"0","magic":"0"},"defence":{"stab":"4","slash":"5","crush":"3","ranged":"4","magic":"1"},"others":{"strength":"0","ranged_strength":"0","magic_damage":"0","prayer":"0"},"hand":null,"ammo_type":null,"ammo_tier":null,"weapon_type":null},"66":{"name":"Twisted Buckler","id":"21000","link":"http://2007.runescape.wikia.com/wiki/Twisted_buckler","slotname":"shieldslot","level":{"attack":"0","strength":"0","defence":"75","hitpoints":"0","magic":"0","ranged":"75","prayer":"0"},"offence":{"stab":"-7","slash":"-8","crush":"-7","ranged":"18","magic":"-10"},"defence":{"stab":"22","slash":"24","crush":"22","ranged":"58","magic":"26"},"others":{"strength":"0","ranged_strength":"0","magic_damage":"0","prayer":"0"},"hand":null,"ammo_type":null,"ammo_tier":null,"weapon_type":null},"67":{"name":"Unholy book","id":"3842","link":"http://2007.runescape.wikia.com/wiki/Unholy_book","slotname":"shieldslot","level":{"attack":"0","strength":"0","defence":"0","hitpoints":"0","magic":"0","ranged":"0","prayer":"0"},"offence":{"stab":"8","slash":"8","crush":"8","ranged":"8","magic":"8"},"defence":{"stab":"0","slash":"0","crush":"0","ranged":"0","magic":"0"},"others":{"strength":"0","ranged_strength":"0","magic_damage":"0","prayer":"5"},"hand":null,"ammo_type":null,"ammo_tier":null,"weapon_type":null},"68":{"name":"White kiteshield","id":"6633","link":"http://2007.runescape.wikia.com/wiki/White_kiteshield","slotname":"shieldslot","level":{"attack":"0","strength":"0","defence":"10","hitpoints":"0","magic":"0","ranged":"0","prayer":"0"},"offence":{"stab":"0","slash":"0","crush":"0","ranged":"-2","magic":"-8"},"defence":{"stab":"17","slash":"19","crush":"18","ranged":"18","magic":"-1"},"others":{"strength":"0","ranged_strength":"0","magic_damage":"0","prayer":"1"},"hand":null,"ammo_type":null,"ammo_tier":null,"weapon_type":null},"69":{"name":"White sq shield","id":"6631","link":"http://2007.runescape.wikia.com/wiki/White_sq_shield","slotname":"shieldslot","level":{"attack":"0","strength":"0","defence":"10","hitpoints":"0","magic":"0","ranged":"0","prayer":"0"},"offence":{"stab":"0","slash":"0","crush":"0","ranged":"-2","magic":"-6"},"defence":{"stab":"15","slash":"16","crush":"14","ranged":"15","magic":"0"},"others":{"strength":"0","ranged_strength":"0","magic_damage":"0","prayer":"1"},"hand":null,"ammo_type":null,"ammo_tier":null,"weapon_type":null},"70":{"name":"Willow Shield","id":"22254","link":"http://2007.runescape.wikia.com/wiki/Adamant_kiteshield","slotname":"shieldslot","level":{"attack":"0","strength":"0","defence":"30","hitpoints":"0","magic":"0","ranged":"0","prayer":"0"},"offence":{"stab":"0","slash":"0","crush":"0","ranged":"0","magic":"0"},"defence":{"stab":"6","slash":"7","crush":"5","ranged":"6","magic":"2"},"others":{"strength":"0","ranged_strength":"0","magic_damage":"0","prayer":"0"},"hand":null,"ammo_type":null,"ammo_tier":null,"weapon_type":null},"71":{"name":"Wooden shield","id":"1171","link":"http://2007.runescape.wikia.com/wiki/Wooden_shield","slotname":"shieldslot","level":{"attack":"0","strength":"0","defence":"0","hitpoints":"0","magic":"0","ranged":"0","prayer":"0"},"offence":{"stab":"0","slash":"0","crush":"0","ranged":"0","magic":"0"},"defence":{"stab":"4","slash":"5","crush":"3","ranged":"4","magic":"1"},"others":{"strength":"0","ranged_strength":"0","magic_damage":"0","prayer":"0"},"hand":null,"ammo_type":null,"ammo_tier":null,"weapon_type":null},"72":{"name":"Yew Shield","id":"22260","link":"http://2007.runescape.wikia.com/wiki/Adamant_kiteshield","slotname":"shieldslot","level":{"attack":"0","strength":"0","defence":"40","hitpoints":"0","magic":"0","ranged":"0","prayer":"0"},"offence":{"stab":"0","slash":"0","crush":"0","ranged":"0","magic":"0"},"defence":{"stab":"8","slash":"9","crush":"7","ranged":"8","magic":"3"},"others":{"strength":"0","ranged_strength":"0","magic_damage":"0","prayer":"0"},"hand":null,"ammo_type":null,"ammo_tier":null,"weapon_type":null}}